date,max_wind_Speed_mph,mean_wind_speed_mph,max_gust_speed_mph
8/29/2013,23,11,28
8/30/2013,29,13,35
8/31/2013,26,15,31
9/1/2013,25,13,29
9/2/2013,23,12,30
9/3/2013,24,15,31
9/4/2013,29,19,35
9/5/2013,31,21,37
9/6/2013,24,8,28
9/7/2013,21,8,25
9/8/2013,26,11,31
9/9/2013,26,11,30
9/10/2013,17,8,21
9/11/2013,18,9,23
9/12/2013,25,11,30
9/13/2013,30,15,37
9/14/2013,25,16,33
9/15/2013,23,13,26
9/16/2013,31,16,39
9/17/2013,39,22,51
9/18/2013,25,10,30
9/19/2013,26,10,33
9/20/2013,17,10,23
9/21/2013,24,12,28
9/22/2013,29,10,35
9/23/2013,24,9,30
9/24/2013,36,19,43
9/25/2013,35,20,45
9/26/2013,24,11,29
9/27/2013,23,7,28
9/28/2013,28,9,32
9/29/2013,16,7,21
9/30/2013,22,10,26
10/1/2013,22,13,26
10/2/2013,29,14,35
10/3/2013,25,13,30
10/4/2013,22,9,25
10/5/2013,12,5,13
10/6/2013,14,5,15
10/7/2013,28,9,31
10/8/2013,20,10,24
10/9/2013,17,8,21
10/10/2013,13,5,15
10/11/2013,25,9,30
10/12/2013,32,13,40
10/13/2013,22,7,26
10/14/2013,18,5,
10/15/2013,21,5,22
10/16/2013,13,4,14
10/17/2013,20,7,24
10/18/2013,23,10,25
10/19/2013,21,9,23
10/20/2013,22,11,26
10/21/2013,21,9,25
10/22/2013,21,10,25
10/23/2013,23,9,28
10/24/2013,15,9,20
10/25/2013,21,9,24
10/26/2013,22,9,25
10/27/2013,43,18,51
10/28/2013,36,15,43
10/29/2013,17,7,21
10/30/2013,18,7,22
10/31/2013,14,4,
11/1/2013,15,4,18
11/2/2013,28,13,33
11/3/2013,22,9,24
11/4/2013,23,9,28
11/5/2013,15,4,17
11/6/2013,5,0,6
11/7/2013,22,8,26
11/8/2013,24,8,26
11/9/2013,12,3,14
11/10/2013,13,5,16
11/11/2013,12,5,15
11/12/2013,18,7,22
11/13/2013,23,8,26
11/14/2013,29,13,37
11/15/2013,35,12,40
11/16/2013,26,14,35
11/17/2013,13,6,16
11/18/2013,15,5,18
11/19/2013,14,7,16
11/20/2013,22,7,24
11/21/2013,32,11,39
11/22/2013,26,14,32
11/23/2013,22,5,32
11/24/2013,9,3,10
11/25/2013,7,2,10
11/26/2013,7,2,8
11/27/2013,7,1,7
11/28/2013,16,4,18
11/29/2013,24,3,28
11/30/2013,15,4,20
12/1/2013,14,4,16
12/2/2013,33,14,38
12/3/2013,24,14,31
12/4/2013,14,5,16
12/5/2013,12,4,14
12/6/2013,30,9,43
12/7/2013,29,13,36
12/8/2013,22,10,24
12/9/2013,20,8,23
12/10/2013,10,3,13
12/11/2013,14,3,16
12/12/2013,16,4,20
12/13/2013,12,4,14
12/14/2013,9,2,10
12/15/2013,10,2,12
12/16/2013,10,2,13
12/17/2013,7,3,8
12/18/2013,35,12,40
12/19/2013,36,12,43
12/20/2013,15,5,18
12/21/2013,17,7,21
12/22/2013,9,1,10
12/23/2013,8,1,9
12/24/2013,8,2,24
12/25/2013,6,1,8
12/26/2013,7,1,8
12/27/2013,8,2,9
12/28/2013,10,2,13
12/29/2013,13,3,26
12/30/2013,13,3,15
12/31/2013,13,3,15
1/1/2014,9,1,10
1/2/2014,6,1,6
1/3/2014,14,4,16
1/4/2014,15,2,18
1/5/2014,14,5,15
1/6/2014,9,2,10
1/7/2014,15,4,17
1/8/2014,20,9,24
1/9/2014,25,12,31
1/10/2014,15,6,17
1/11/2014,18,6,22
1/12/2014,17,7,20
1/13/2014,18,3,22
1/14/2014,12,2,15
1/15/2014,10,3,13
1/16/2014,8,2,10
1/17/2014,5,1,7
1/18/2014,7,1,12
1/19/2014,7,2,7
1/20/2014,9,2,9
1/21/2014,12,2,13
1/22/2014,18,5,22
1/23/2014,17,5,21
1/24/2014,9,3,9
1/25/2014,12,2,13
1/26/2014,21,6,24
1/27/2014,18,6,20
1/28/2014,17,5,21
1/29/2014,20,8,22
1/30/2014,30,14,38
1/31/2014,32,12,38
2/1/2014,20,6,23
2/2/2014,29,12,33
2/3/2014,25,11,32
2/4/2014,21,7,23
2/5/2014,17,7,24
2/6/2014,20,7,23
2/7/2014,31,11,40
2/8/2014,28,13,37
2/9/2014,21,9,26
2/10/2014,17,10,20
2/11/2014,22,9,26
2/12/2014,18,6,22
2/13/2014,15,8,20
2/14/2014,14,5,16
2/15/2014,17,5,21
2/16/2014,20,8,23
2/17/2014,21,10,25
2/18/2014,22,8,25
2/19/2014,23,14,26
2/20/2014,18,6,22
2/21/2014,22,7,26
2/22/2014,23,9,28
2/23/2014,23,8,26
2/24/2014,17,6,21
2/25/2014,20,6,23
2/26/2014,31,15,39
2/27/2014,17,15,35
2/28/2014,26,13,33
8/29/2013,14,6,17
8/30/2013,15,2,17
8/31/2013,13,4,
9/1/2013,13,5,17
9/2/2013,13,6,17
9/3/2013,16,5,20
9/4/2013,17,6,23
9/5/2013,21,8,25
9/6/2013,10,1,
9/7/2013,12,3,
9/8/2013,8,3,
9/9/2013,12,3,
9/10/2013,16,3,17
9/11/2013,18,4,23
9/12/2013,20,3,18
9/13/2013,15,6,
9/14/2013,14,9,20
9/15/2013,15,6,20
9/16/2013,17,4,23
9/17/2013,25,9,32
9/18/2013,12,3,
9/19/2013,12,2,
9/20/2013,14,4,22
9/21/2013,12,6,
9/22/2013,15,5,23
9/23/2013,14,4,20
9/24/2013,23,7,31
9/25/2013,20,12,29
9/26/2013,14,5,17
9/27/2013,12,1,
9/28/2013,16,3,
9/29/2013,12,3,16
9/30/2013,14,4,17
10/1/2013,13,7,
10/2/2013,20,4,22
10/3/2013,15,8,16
10/4/2013,16,6,
10/5/2013,7,1,
10/6/2013,12,1,
10/7/2013,12,2,
10/8/2013,15,2,
10/9/2013,10,2,
10/10/2013,14,2,
10/11/2013,10,2,
10/12/2013,13,3,21
10/13/2013,12,3,
10/14/2013,9,1,
10/15/2013,10,1,
10/16/2013,9,1,
10/17/2013,9,1,
10/18/2013,8,1,
10/19/2013,8,1,
10/20/2013,9,3,
10/21/2013,8,1,
10/22/2013,10,2,
10/23/2013,9,2,
10/24/2013,12,5,16
10/25/2013,9,1,
10/26/2013,7,1,
10/27/2013,26,4,40
10/28/2013,25,15,31
10/29/2013,10,3,
10/30/2013,9,1,
10/31/2013,6,1,
11/1/2013,7,1,
11/2/2013,14,2,16
11/3/2013,12,3,
11/4/2013,12,3,
11/5/2013,7,2,
11/6/2013,5,1,
11/7/2013,9,1,
11/8/2013,9,1,
11/9/2013,7,1,
11/10/2013,7,1,
11/11/2013,9,3,
11/12/2013,7,3,
11/13/2013,7,1,
11/14/2013,15,3,17
11/15/2013,16,9,23
11/16/2013,15,4,20
11/17/2013,10,1,
11/18/2013,12,2,
11/19/2013,7,1,
11/20/2013,10,2,
11/21/2013,22,4,26
11/22/2013,17,5,22
11/23/2013,8,2,
11/24/2013,7,1,
11/25/2013,5,0,
11/26/2013,6,1,
11/27/2013,6,1,
11/28/2013,7,1,
11/29/2013,9,1,
11/30/2013,7,1,
12/1/2013,6,1,
12/2/2013,17,3,23
12/3/2013,21,8,30
12/4/2013,7,3,
12/5/2013,6,1,
12/6/2013,25,4,33
12/7/2013,20,8,24
12/8/2013,8,1,
12/9/2013,9,5,
12/10/2013,7,0,
12/11/2013,6,1,
12/12/2013,6,0,
12/13/2013,7,2,
12/14/2013,5,0,
12/15/2013,6,0,
12/16/2013,6,0,
12/17/2013,6,0,
12/18/2013,15,3,21
12/19/2013,25,10,31
12/20/2013,7,2,
12/21/2013,9,1,
12/22/2013,6,0,
12/23/2013,6,1,
12/24/2013,6,0,
12/25/2013,6,1,
12/26/2013,5,1,
12/27/2013,6,0,
12/28/2013,7,0,
12/29/2013,7,2,
12/30/2013,6,1,
12/31/2013,7,0,
1/1/2014,6,0,
1/2/2014,6,0,
1/3/2014,8,1,
1/4/2014,6,2,
1/5/2014,4,0,
1/6/2014,6,1,
1/7/2014,9,3,
1/8/2014,10,4,
1/9/2014,18,3,23
1/10/2014,7,2,
1/11/2014,8,2,
1/12/2014,12,4,
1/13/2014,9,2,
1/14/2014,13,2,
1/15/2014,6,2,
1/16/2014,5,1,
1/17/2014,7,1,
1/18/2014,7,0,
1/19/2014,7,0,
1/20/2014,6,1,
1/21/2014,5,0,
1/22/2014,7,1,
1/23/2014,7,1,
1/24/2014,4,0,
1/25/2014,7,1,
1/26/2014,6,4,
1/27/2014,7,4,
1/28/2014,13,2,
1/29/2014,14,2,
1/30/2014,14,5,20
1/31/2014,15,6,20
2/1/2014,10,4,
2/2/2014,13,4,23
2/3/2014,16,4,21
2/4/2014,10,3,
2/5/2014,10,3,16
2/6/2014,16,6,18
2/7/2014,22,5,29
2/8/2014,17,11,24
2/9/2014,14,9,17
2/10/2014,10,4,
2/11/2014,10,2,
2/12/2014,8,2,
2/13/2014,9,3,
2/14/2014,9,2,
2/15/2014,16,2,
2/16/2014,12,5,
2/17/2014,13,4,
2/18/2014,13,2,
2/19/2014,14,6,18
2/20/2014,6,1,
2/21/2014,8,1,
2/22/2014,12,1,
2/23/2014,9,1,
2/24/2014,8,1,
2/25/2014,12,3,16
2/26/2014,17,8,25
2/27/2014,15,7,18
2/28/2014,28,12,37
8/29/2013,20,8,23
8/30/2013,20,6,23
8/31/2013,21,8,25
9/1/2013,21,7,23
9/2/2013,20,7,22
9/3/2013,22,6,25
9/4/2013,24,6,26
9/5/2013,23,7,28
9/6/2013,14,4,17
9/7/2013,16,4,20
9/8/2013,14,4,16
9/9/2013,15,4,20
9/10/2013,17,7,21
9/11/2013,18,6,22
9/12/2013,18,6,22
9/13/2013,21,8,23
9/14/2013,18,6,22
9/15/2013,20,7,23
9/16/2013,22,6,25
9/17/2013,20,6,31
9/18/2013,21,6,23
9/19/2013,16,5,18
9/20/2013,16,5,20
9/21/2013,15,4,23
9/22/2013,21,5,25
9/23/2013,17,5,22
9/24/2013,18,7,28
9/25/2013,20,9,26
9/26/2013,15,5,21
9/27/2013,18,3,21
9/28/2013,20,5,24
9/29/2013,16,6,20
9/30/2013,18,7,23
10/1/2013,18,5,22
10/2/2013,22,5,24
10/3/2013,17,7,25
10/4/2013,22,9,30
10/5/2013,10,2,12
10/6/2013,10,3,13
10/7/2013,15,4,17
10/8/2013,16,6,20
10/9/2013,16,4,18
10/10/2013,18,6,21
10/11/2013,15,4,18
10/12/2013,20,5,22
10/13/2013,14,3,20
10/14/2013,9,3,
10/15/2013,14,3,16
10/16/2013,12,2,16
10/17/2013,10,3,14
10/18/2013,12,2,13
10/19/2013,9,2,25
10/20/2013,13,3,14
10/21/2013,12,3,13
10/22/2013,10,3,25
10/23/2013,13,4,15
10/24/2013,8,3,13
10/25/2013,10,2,16
10/26/2013,10,2,14
10/27/2013,21,6,32
10/28/2013,18,6,28
10/29/2013,15,4,16
10/30/2013,13,3,16
10/31/2013,10,2,
11/1/2013,12,2,26
11/2/2013,15,4,17
11/3/2013,14,5,17
11/4/2013,13,4,16
11/5/2013,9,2,13
11/6/2013,7,2,17
11/7/2013,15,3,18
11/8/2013,12,4,22
11/9/2013,10,2,12
11/10/2013,12,2,14
11/11/2013,8,2,10
11/12/2013,12,3,15
11/13/2013,12,3,20
11/14/2013,13,3,29
11/15/2013,16,3,18
11/16/2013,14,4,17
11/17/2013,13,3,16
11/18/2013,12,3,14
11/19/2013,10,5,15
11/20/2013,14,5,17
11/21/2013,18,6,24
11/22/2013,12,3,14
11/23/2013,8,1,17
11/24/2013,8,2,9
11/25/2013,9,2,20
11/26/2013,9,1,10
11/27/2013,9,1,15
11/28/2013,9,2,12
11/29/2013,9,1,10
11/30/2013,10,1,25
12/1/2013,8,1,10
12/2/2013,13,3,16
12/3/2013,17,6,22
12/4/2013,8,3,21
12/5/2013,7,2,14
12/6/2013,13,6,20
12/7/2013,18,7,25
12/8/2013,24,6,28
12/9/2013,18,4,23
12/10/2013,7,1,10
12/11/2013,7,1,18
12/12/2013,6,1,29
12/13/2013,14,2,31
12/14/2013,7,1,15
12/15/2013,7,1,17
12/16/2013,7,1,26
12/17/2013,7,1,8
12/18/2013,10,2,26
12/19/2013,17,5,26
12/20/2013,9,1,10
12/21/2013,15,3,18
12/22/2013,8,1,13
12/23/2013,8,2,12
12/24/2013,9,2,12
12/25/2013,7,1,9
12/26/2013,7,1,8
12/27/2013,8,1,10
12/28/2013,9,2,12
12/29/2013,10,2,16
12/30/2013,8,1,9
12/31/2013,14,2,16
1/1/2014,8,1,12
1/2/2014,7,1,9
1/3/2014,8,1,8
1/4/2014,12,3,15
1/5/2014,7,1,12
1/6/2014,8,1,9
1/7/2014,9,2,9
1/8/2014,13,3,15
1/9/2014,15,4,21
1/10/2014,10,2,12
1/11/2014,15,2,20
1/12/2014,13,3,17
1/13/2014,8,3,14
1/14/2014,16,5,24
1/15/2014,8,1,9
1/16/2014,10,1,12
1/17/2014,8,1,13
1/18/2014,10,1,23
1/19/2014,9,1,10
1/20/2014,8,1,9
1/21/2014,8,1,9
1/22/2014,12,1,13
1/23/2014,9,2,13
1/24/2014,6,1,16
1/25/2014,9,1,12
1/26/2014,8,2,16
1/27/2014,9,2,23
1/28/2014,13,3,15
1/29/2014,15,5,18
1/30/2014,17,5,21
1/31/2014,15,5,26
2/1/2014,12,3,16
2/2/2014,24,7,32
2/3/2014,15,5,20
2/4/2014,13,4,30
2/5/2014,15,5,17
2/6/2014,21,8,28
2/7/2014,26,9,38
2/8/2014,21,11,26
2/9/2014,16,7,22
2/10/2014,12,4,25
2/11/2014,12,3,15
2/12/2014,10,2,14
2/13/2014,12,3,26
2/14/2014,13,3,15
2/15/2014,16,3,21
2/16/2014,14,5,17
2/17/2014,20,4,22
2/18/2014,16,3,21
2/19/2014,17,7,20
2/20/2014,13,4,17
2/21/2014,12,3,14
2/22/2014,15,4,17
2/23/2014,13,3,16
2/24/2014,13,3,15
2/25/2014,14,5,28
2/26/2014,26,10,38
2/27/2014,22,8,32
2/28/2014,25,10,32
8/29/2013,16,5,16
8/30/2013,15,2,18
8/31/2013,14,2,20
9/1/2013,14,4,16
9/2/2013,14,4,19
9/3/2013,19,2,20
9/4/2013,15,0,20
9/5/2013,16,1,114
9/6/2013,8,0,8
9/7/2013,0,0,13
9/8/2013,5,0,9
9/9/2013,7,0,10
9/10/2013,6,0,6
9/11/2013,12,1,15
9/12/2013,14,2,18
9/13/2013,17,3,17
9/14/2013,15,2,16
9/15/2013,15,2,16
9/16/2013,17,2,18
9/17/2013,23,3,32
9/18/2013,11,2,15
9/19/2013,12,2,15
9/20/2013,16,2,18
9/21/2013,11,2,15
9/22/2013,16,4,21
9/23/2013,15,4,18
9/24/2013,17,5,28
9/25/2013,28,6,28
9/26/2013,15,3,17
9/27/2013,9,1,14
9/28/2013,11,2,15
9/29/2013,19,2,19
9/30/2013,13,2,19
10/1/2013,18,2,18
10/2/2013,16,2,16
10/3/2013,15,4,19
10/4/2013,18,3,23
10/5/2013,11,1,12
10/6/2013,8,1,12
10/7/2013,13,2,15
10/8/2013,13,2,114
10/9/2013,14,1,18
10/10/2013,14,2,17
10/11/2013,14,2,16
10/12/2013,28,2,114
10/13/2013,14,2,114
10/14/2013,28,3,28
10/15/2013,28,2,28
10/16/2013,28,2,28
10/17/2013,28,3,28
10/18/2013,28,2,28
10/19/2013,28,1,28
10/20/2013,14,1,28
10/21/2013,14,1,14
10/22/2013,14,1,28
10/23/2013,14,1,14
10/24/2013,7,1,14
10/25/2013,14,1,14
10/26/2013,8,1,14
10/27/2013,20,3,23
10/28/2013,22,4,26
10/29/2013,8,1,14
10/30/2013,14,2,114
10/31/2013,14,1,14
11/1/2013,14,1,28
11/2/2013,14,1,14
11/3/2013,18,2,18
11/4/2013,13,2,14
11/5/2013,9,1,14
11/6/2013,5,1,14
11/7/2013,12,1,12
11/8/2013,14,1,14
11/9/2013,14,1,14
11/10/2013,14,1,14
11/11/2013,5,1,14
11/12/2013,14,1,14
11/13/2013,14,1,14
11/14/2013,14,1,14
11/15/2013,14,2,15
11/16/2013,14,2,16
11/17/2013,14,1,14
11/18/2013,14,1,14
11/19/2013,28,2,28
11/20/2013,86,4,114
11/21/2013,14,3,114
11/22/2013,6,1,7
11/23/2013,6,1,14
11/24/2013,14,1,14
11/25/2013,14,1,14
11/26/2013,14,0,14
11/27/2013,14,1,14
11/28/2013,14,2,14
11/29/2013,14,1,14
11/30/2013,14,1,14
12/1/2013,14,1,14
12/2/2013,14,1,14
12/3/2013,17,4,19
12/4/2013,14,2,14
12/5/2013,14,1,28
12/6/2013,16,2,16
12/7/2013,20,5,26
12/8/2013,14,2,14
12/9/2013,14,1,14
12/10/2013,14,1,14
12/11/2013,14,1,14
12/12/2013,14,1,114
12/13/2013,14,1,14
12/14/2013,14,1,14
12/15/2013,14,1,114
12/16/2013,14,1,14
12/17/2013,14,1,28
12/18/2013,14,1,14
12/19/2013,17,3,17
12/20/2013,14,1,14
12/21/2013,14,2,14
12/22/2013,14,1,14
12/23/2013,14,1,114
12/24/2013,14,1,14
12/25/2013,14,1,14
12/26/2013,14,1,14
12/27/2013,14,1,14
12/28/2013,14,2,14
12/29/2013,14,1,14
12/30/2013,14,1,14
12/31/2013,14,1,14
1/1/2014,14,2,14
1/2/2014,14,1,14
1/3/2014,14,1,14
1/4/2014,14,1,14
1/5/2014,14,2,28
1/6/2014,14,1,14
1/7/2014,14,1,14
1/8/2014,14,2,14
1/9/2014,14,2,114
1/10/2014,14,1,14
1/11/2014,20,1,20
1/12/2014,15,3,15
1/13/2014,14,6,14
1/14/2014,14,6,28
1/15/2014,28,4,28
1/16/2014,28,4,28
1/17/2014,28,6,28
1/18/2014,14,4,28
1/19/2014,14,5,28
1/20/2014,14,4,28
1/21/2014,14,5,14
1/22/2014,14,5,14
1/23/2014,14,5,14
1/24/2014,14,6,28
1/25/2014,14,3,28
1/26/2014,14,3,14
1/27/2014,14,3,14
1/28/2014,14,4,14
1/29/2014,14,2,14
1/30/2014,14,3,14
1/31/2014,15,6,19
2/1/2014,14,6,114
2/2/2014,23,7,114
2/3/2014,16,3,18
2/4/2014,14,2,14
2/5/2014,14,3,14
2/6/2014,21,5,86
2/7/2014,20,5,24
2/8/2014,20,7,25
2/9/2014,14,4,16
2/10/2014,14,2,14
2/11/2014,10,1,14
2/12/2014,14,2,14
2/13/2014,114,2,114
2/14/2014,14,2,15
2/15/2014,14,1,14
2/16/2014,14,4,14
2/17/2014,14,5,15
2/18/2014,14,5,16
2/19/2014,114,6,114
2/20/2014,14,4,14
2/21/2014,14,2,14
2/22/2014,14,2,14
2/23/2014,14,2,14
2/24/2014,14,3,14
2/25/2014,14,4,17
2/26/2014,28,8,86
2/27/2014,28,10,28
2/28/2014,20,6,86
8/29/2013,16,7,24
8/30/2013,18,5,22
8/31/2013,18,8,22
9/1/2013,20,7,24
9/2/2013,21,8,25
9/3/2013,18,8,24
9/4/2013,22,8,29
9/5/2013,23,8,30
9/6/2013,17,5,22
9/7/2013,18,6,22
9/8/2013,13,5,15
9/9/2013,16,5,21
9/10/2013,16,7,24
9/11/2013,17,8,21
9/12/2013,18,6,22
9/13/2013,18,8,21
9/14/2013,14,8,18
9/15/2013,18,8,24
9/16/2013,22,8,28
9/17/2013,25,8,30
9/18/2013,20,6,23
9/19/2013,18,6,22
9/20/2013,18,7,28
9/21/2013,20,7,28
9/22/2013,22,7,25
9/23/2013,20,6,25
9/24/2013,25,10,30
9/25/2013,24,12,29
9/26/2013,18,8,23
9/27/2013,18,5,23
9/28/2013,21,6,24
9/29/2013,16,6,21
9/30/2013,16,7,24
10/1/2013,17,5,22
10/2/2013,21,6,24
10/3/2013,23,10,28
10/4/2013,18,6,28
10/5/2013,13,3,15
10/6/2013,13,4,15
10/7/2013,17,5,20
10/8/2013,16,6,26
10/9/2013,14,6,20
10/10/2013,16,7,
10/11/2013,16,5,18
10/12/2013,18,5,24
10/13/2013,18,6,23
10/14/2013,13,4,
10/15/2013,17,5,21
10/16/2013,15,3,17
10/17/2013,15,4,17
10/18/2013,12,3,14
10/19/2013,10,2,15
10/20/2013,10,3,13
10/21/2013,9,3,14
10/22/2013,10,3,13
10/23/2013,13,4,15
10/24/2013,10,2,13
10/25/2013,10,2,13
10/26/2013,12,2,17
10/27/2013,28,8,35
10/28/2013,20,8,25
10/29/2013,14,6,17
10/30/2013,17,5,22
10/31/2013,9,4,
11/1/2013,10,2,12
11/2/2013,16,6,23
11/3/2013,21,7,23
11/4/2013,17,6,22
11/5/2013,15,6,21
11/6/2013,9,2,13
11/7/2013,16,3,17
11/8/2013,13,3,15
11/9/2013,14,3,16
11/10/2013,12,4,14
11/11/2013,7,2,16
11/12/2013,13,3,16
11/13/2013,12,3,13
11/14/2013,14,4,16
11/15/2013,15,4,18
11/16/2013,17,6,22
11/17/2013,13,4,15
11/18/2013,13,5,16
11/19/2013,13,8,15
11/20/2013,23,9,29
11/21/2013,18,8,28
11/22/2013,18,7,22
11/23/2013,9,2,12
11/24/2013,10,3,13
11/25/2013,9,2,12
11/26/2013,8,1,12
11/27/2013,10,2,13
11/28/2013,9,3,12
11/29/2013,12,2,13
11/30/2013,10,3,13
12/1/2013,12,3,17
12/2/2013,18,4,22
12/3/2013,21,10,28
12/4/2013,12,4,24
12/5/2013,10,3,13
12/6/2013,15,6,18
12/7/2013,25,10,31
12/8/2013,14,4,20
12/9/2013,9,3,10
12/10/2013,7,1,8
12/11/2013,10,1,12
12/12/2013,8,1,8
12/13/2013,10,2,13
12/14/2013,9,1,12
12/15/2013,7,1,8
12/16/2013,6,1,10
12/17/2013,8,1,9
12/18/2013,14,3,18
12/19/2013,18,7,21
12/20/2013,13,3,16
12/21/2013,14,3,17
12/22/2013,15,3,17
12/23/2013,10,2,12
12/24/2013,10,3,13
12/25/2013,7,2,8
12/26/2013,7,2,9
12/27/2013,14,1,15
12/28/2013,13,3,15
12/29/2013,7,2,10
12/30/2013,7,2,
12/31/2013,15,2,16
1/1/2014,8,1,10
1/2/2014,8,1,13
1/3/2014,8,2,10
1/4/2014,8,3,12
1/5/2014,6,1,8
1/6/2014,9,1,12
1/7/2014,10,3,12
1/8/2014,14,5,16
1/9/2014,18,4,21
1/10/2014,8,2,13
1/11/2014,20,3,24
1/12/2014,17,6,22
1/13/2014,9,3,14
1/14/2014,17,3,24
1/15/2014,9,2,12
1/16/2014,8,1,10
1/17/2014,8,2,10
1/18/2014,7,1,12
1/19/2014,8,1,14
1/20/2014,7,1,10
1/21/2014,8,2,10
1/22/2014,9,3,13
1/23/2014,13,2,14
1/24/2014,6,1,8
1/25/2014,7,2,12
1/26/2014,10,4,14
1/27/2014,10,2,13
1/28/2014,16,4,22
1/29/2014,16,4,20
1/30/2014,14,8,
1/31/2014,17,6,20
2/1/2014,13,4,16
2/2/2014,28,10,36
2/3/2014,18,6,26
2/4/2014,14,5,17
2/5/2014,14,5,17
2/6/2014,23,10,28
2/7/2014,26,10,35
2/8/2014,22,13,29
2/9/2014,17,10,23
2/10/2014,14,5,16
2/11/2014,14,3,17
2/12/2014,12,3,14
2/13/2014,13,4,15
2/14/2014,12,4,14
2/15/2014,18,6,23
2/16/2014,14,5,23
2/17/2014,16,6,20
2/18/2014,20,4,24
2/19/2014,21,8,23
2/20/2014,16,4,17
2/21/2014,15,4,17
2/22/2014,14,5,17
2/23/2014,16,3,20
2/24/2014,15,3,18
2/25/2014,14,6,16
2/26/2014,29,13,40
2/27/2014,26,10,36
2/28/2014,25,12,35
3/1/2014,17,10,25
3/2/2014,20,9,26
3/3/2014,18,6,28
3/4/2014,17,5,
3/5/2014,20,6,23
3/6/2014,15,8,20
3/7/2014,14,6,24
3/8/2014,17,4,48
3/9/2014,13,6,18
3/10/2014,20,8,22
3/11/2014,30,11,37
3/12/2014,32,16,40
3/13/2014,17,6,
3/14/2014,13,7,21
3/15/2014,14,6,16
3/16/2014,21,8,23
3/17/2014,22,11,29
3/18/2014,17,5,22
3/19/2014,14,6,26
3/20/2014,18,8,
3/21/2014,20,8,37
3/22/2014,16,8,23
3/23/2014,15,7,20
3/24/2014,18,6,29
3/25/2014,18,8,29
3/26/2014,23,12,35
3/27/2014,17,9,25
3/28/2014,17,9,30
3/29/2014,24,12,29
3/30/2014,17,10,21
3/31/2014,31,13,36
4/1/2014,30,13,36
4/2/2014,21,8,28
4/3/2014,16,8,20
4/4/2014,22,8,28
4/5/2014,17,7,21
4/6/2014,16,5,29
4/7/2014,15,6,20
4/8/2014,16,6,20
4/9/2014,17,8,49
4/10/2014,18,7,26
4/11/2014,24,9,28
4/12/2014,21,11,28
4/13/2014,22,9,25
4/14/2014,21,8,23
4/15/2014,18,8,30
4/16/2014,18,8,24
4/17/2014,17,7,29
4/18/2014,18,8,31
4/19/2014,25,12,38
4/20/2014,21,6,36
4/21/2014,24,9,41
4/22/2014,31,19,36
4/23/2014,24,9,33
4/24/2014,21,9,36
4/25/2014,28,12,35
4/26/2014,25,10,30
4/27/2014,24,13,30
4/28/2014,20,7,28
4/29/2014,13,4,17
4/30/2014,13,5,20
5/1/2014,20,6,23
5/2/2014,21,8,28
5/3/2014,29,16,
5/4/2014,22,15,25
5/5/2014,30,17,36
5/6/2014,25,11,32
5/7/2014,23,12,93
5/8/2014,18,10,23
5/9/2014,29,16,35
5/10/2014,26,12,30
5/11/2014,25,10,32
5/12/2014,15,6,31
5/13/2014,15,5,21
5/14/2014,15,6,17
5/15/2014,20,6,21
5/16/2014,22,12,25
5/17/2014,22,13,29
5/18/2014,29,16,33
5/19/2014,28,16,32
5/20/2014,22,11,25
5/21/2014,22,11,24
5/22/2014,18,11,22
5/23/2014,22,10,28
5/24/2014,20,10,26
5/25/2014,17,8,20
5/26/2014,20,8,23
5/27/2014,18,8,24
5/28/2014,22,9,26
5/29/2014,20,8,23
5/30/2014,20,12,24
5/31/2014,18,10,22
6/1/2014,17,9,32
6/2/2014,23,11,44
6/3/2014,20,11,
6/4/2014,20,8,21
6/5/2014,21,11,25
6/6/2014,21,10,24
6/7/2014,18,8,23
6/8/2014,18,7,23
6/9/2014,22,10,25
6/10/2014,23,10,28
6/11/2014,23,12,31
6/12/2014,21,14,25
6/13/2014,17,8,23
6/14/2014,23,9,25
6/15/2014,24,13,26
6/16/2014,22,14,26
6/17/2014,21,7,23
6/18/2014,21,7,23
6/19/2014,22,9,32
6/20/2014,22,10,24
6/21/2014,20,8,23
6/22/2014,25,12,30
6/23/2014,20,9,29
6/24/2014,21,10,26
6/25/2014,21,13,33
6/26/2014,18,12,32
6/27/2014,21,9,29
6/28/2014,20,9,25
6/29/2014,18,8,22
6/30/2014,20,9,35
7/1/2014,21,10,29
7/2/2014,21,11,23
7/3/2014,18,10,25
7/4/2014,21,9,24
7/5/2014,18,7,32
7/6/2014,21,10,25
7/7/2014,23,9,35
7/8/2014,18,9,28
7/9/2014,20,8,23
7/10/2014,18,9,22
7/11/2014,22,13,25
7/12/2014,23,12,25
7/13/2014,16,8,21
7/14/2014,24,9,30
7/15/2014,20,11,23
7/16/2014,23,14,28
7/17/2014,21,13,24
7/18/2014,20,12,23
7/19/2014,20,10,24
7/20/2014,20,11,25
7/21/2014,20,11,22
7/22/2014,21,10,30
7/23/2014,20,9,23
7/24/2014,17,7,20
7/25/2014,18,8,22
7/26/2014,21,11,23
7/27/2014,23,11,25
7/28/2014,21,10,24
7/29/2014,20,11,22
7/30/2014,21,11,24
7/31/2014,17,9,22
8/1/2014,18,9,22
8/2/2014,18,10,23
8/3/2014,18,11,29
8/4/2014,17,10,21
8/5/2014,20,7,26
8/6/2014,20,8,36
8/7/2014,18,7,29
8/8/2014,20,11,28
8/9/2014,21,12,31
8/10/2014,22,9,36
8/11/2014,18,9,22
8/12/2014,20,10,31
8/13/2014,21,9,24
8/14/2014,20,9,26
8/15/2014,18,9,39
8/16/2014,20,9,23
8/17/2014,21,10,24
8/18/2014,22,11,28
8/19/2014,21,10,23
8/20/2014,18,10,28
8/21/2014,20,8,23
8/22/2014,21,8,28
8/23/2014,16,9,20
8/24/2014,21,11,23
8/25/2014,18,11,24
8/26/2014,18,9,23
8/27/2014,21,9,22
8/28/2014,20,9,22
8/29/2014,21,7,24
8/30/2014,18,8,21
8/31/2014,17,8,28
3/1/2014,17,9,25
3/2/2014,12,2,17
3/3/2014,20,2,31
3/4/2014,13,4,
3/5/2014,17,3,22
3/6/2014,12,5,
3/7/2014,9,3,
3/8/2014,8,2,
3/9/2014,8,2,
3/10/2014,14,5,18
3/11/2014,15,6,20
3/12/2014,18,9,20
3/13/2014,10,2,
3/14/2014,10,3,
3/15/2014,9,2,
3/16/2014,12,2,17
3/17/2014,22,10,29
3/18/2014,12,1,
3/19/2014,8,2,
3/20/2014,13,2,
3/21/2014,13,3,18
3/22/2014,12,3,
3/23/2014,12,2,
3/24/2014,10,3,
3/25/2014,12,5,17
3/26/2014,16,6,20
3/27/2014,13,3,16
3/28/2014,14,4,17
3/29/2014,15,7,
3/30/2014,12,6,
3/31/2014,20,4,24
4/1/2014,15,7,21
4/2/2014,10,4,
4/3/2014,13,3,17
4/4/2014,13,7,21
4/5/2014,17,5,22
4/6/2014,10,1,
4/7/2014,13,1,
4/8/2014,13,3,
4/9/2014,10,4,
4/10/2014,8,2,
4/11/2014,12,4,
4/12/2014,16,4,20
4/13/2014,13,4,
4/14/2014,12,4,
4/15/2014,14,5,17
4/16/2014,14,3,
4/17/2014,22,5,28
4/18/2014,16,7,
4/19/2014,20,5,17
4/20/2014,13,3,
4/21/2014,18,4,24
4/22/2014,22,11,28
4/23/2014,16,9,20
4/24/2014,16,6,20
4/25/2014,16,7,23
4/26/2014,20,11,28
4/27/2014,17,5,22
4/28/2014,16,5,23
4/29/2014,10,1,
4/30/2014,10,2,
5/1/2014,122,4,
5/2/2014,13,2,
5/3/2014,21,7,24
5/4/2014,16,7,18
5/5/2014,23,11,32
5/6/2014,23,13,32
5/7/2014,21,8,26
5/8/2014,12,6,
5/9/2014,20,8,26
5/10/2014,26,10,34
5/11/2014,18,7,25
5/12/2014,12,1,
5/13/2014,13,2,16
5/14/2014,14,4,
5/15/2014,15,2,21
5/16/2014,15,5,20
5/17/2014,17,8,23
5/18/2014,23,12,31
5/19/2014,20,13,25
5/20/2014,16,7,24
5/21/2014,21,7,23
5/22/2014,13,6,
5/23/2014,22,7,24
5/24/2014,15,6,21
5/25/2014,24,5,30
5/26/2014,23,4,33
5/27/2014,20,9,28
5/28/2014,15,8,21
5/29/2014,20,3,23
5/30/2014,22,7,26
5/31/2014,14,8,18
6/1/2014,14,4,
6/2/2014,17,5,24
6/3/2014,12,5,
6/4/2014,13,3,
6/5/2014,13,4,
6/6/2014,12,5,16
6/7/2014,13,4,
6/8/2014,15,2,
6/9/2014,14,3,
6/10/2014,13,5,16
6/11/2014,16,5,21
6/12/2014,21,9,26
6/13/2014,17,5,22
6/14/2014,13,5,21
6/15/2014,22,9,29
6/16/2014,20,12,26
6/17/2014,15,3,20
6/18/2014,15,2,22
6/19/2014,18,5,
6/20/2014,16,5,22
6/21/2014,14,5,18
6/22/2014,21,6,26
6/23/2014,16,6,22
6/24/2014,24,4,32
6/25/2014,14,6,23
6/26/2014,14,7,18
6/27/2014,15,6,17
6/28/2014,16,8,21
6/29/2014,14,5,
6/30/2014,14,3,
7/1/2014,12,5,
7/2/2014,20,6,25
7/3/2014,20,6,24
7/4/2014,14,4,18
7/5/2014,14,4,
7/6/2014,10,4,
7/7/2014,15,4,
7/8/2014,13,4,16
7/9/2014,13,4,
7/10/2014,16,6,22
7/11/2014,16,6,24
7/12/2014,16,8,21
7/13/2014,12,7,
7/14/2014,9,3,
7/15/2014,12,4,
7/16/2014,16,5,21
7/17/2014,16,4,22
7/18/2014,15,3,21
7/19/2014,13,4,18
7/20/2014,15,5,21
7/21/2014,15,4,21
7/22/2014,16,6,22
7/23/2014,16,5,20
7/24/2014,13,4,21
7/25/2014,15,2,
7/26/2014,17,4,
7/27/2014,13,4,
7/28/2014,14,5,
7/29/2014,15,5,
7/30/2014,14,4,
7/31/2014,9,3,
8/1/2014,12,3,
8/2/2014,16,5,
8/3/2014,14,6,
8/4/2014,12,6,
8/5/2014,13,5,18
8/6/2014,15,5,20
8/7/2014,14,6,
8/8/2014,14,4,16
8/9/2014,22,7,26
8/10/2014,14,6,16
8/11/2014,12,4,
8/12/2014,14,3,
8/13/2014,15,6,21
8/14/2014,16,4,20
8/15/2014,15,4,
8/16/2014,13,4,
8/17/2014,13,4,
8/18/2014,17,5,23
8/19/2014,17,8,21
8/20/2014,16,3,21
8/21/2014,12,3,
8/22/2014,17,3,25
8/23/2014,13,4,17
8/24/2014,14,3,16
8/25/2014,15,3,20
8/26/2014,14,3,18
8/27/2014,14,3,
8/28/2014,12,4,
8/29/2014,18,4,23
8/30/2014,15,4,16
8/31/2014,13,4,18
3/1/2014,21,12,25
3/2/2014,12,9,
3/3/2014,9,6,
3/4/2014,12,6,
3/5/2014,13,8,
3/6/2014,14,7,
3/7/2014,14,6,
3/8/2014,12,6,
3/9/2014,13,5,
3/10/2014,17,11,
3/11/2014,21,15,
3/12/2014,17,12,
3/13/2014,16,8,
3/14/2014,12,7,
3/15/2014,13,7,
3/16/2014,21,8,
3/17/2014,17,11,
3/18/2014,15,6,
3/19/2014,13,5,
3/20/2014,17,8,
3/21/2014,16,7,23
3/22/2014,14,8,
3/23/2014,12,6,
3/24/2014,15,7,
3/25/2014,15,8,
3/26/2014,17,8,
3/27/2014,12,8,
3/28/2014,14,10,
3/29/2014,16,10,
3/30/2014,16,8,
3/31/2014,18,12,25
4/1/2014,17,10,
4/2/2014,14,8,
4/3/2014,14,7,
4/4/2014,16,10,
4/5/2014,18,9,
4/6/2014,14,6,
4/7/2014,12,6,
4/8/2014,18,8,21
4/9/2014,14,9,
4/10/2014,14,8,
4/11/2014,14,7,
4/12/2014,17,9,
4/13/2014,18,8,
4/14/2014,12,7,
4/15/2014,17,8,21
4/16/2014,18,8,
4/17/2014,23,8,
4/18/2014,18,9,
4/19/2014,16,8,22
4/20/2014,15,7,
4/21/2014,18,9,
4/22/2014,21,16,25
4/23/2014,17,9,23
4/24/2014,17,11,26
4/25/2014,12,9,
4/26/2014,21,11,26
4/27/2014,18,11,23
4/28/2014,18,7,
4/29/2014,13,7,
4/30/2014,12,6,
5/1/2014,18,6,
5/2/2014,21,7,
5/3/2014,23,13,
5/4/2014,16,9,
5/5/2014,15,7,23
5/6/2014,17,9,26
5/7/2014,16,9,25
5/8/2014,12,8,
5/9/2014,18,12,25
5/10/2014,23,12,32
5/11/2014,20,12,28
5/12/2014,14,5,
5/13/2014,10,5,
5/14/2014,16,5,
5/15/2014,15,4,
5/16/2014,16,6,
5/17/2014,12,8,
5/18/2014,18,12,24
5/19/2014,15,10,21
5/20/2014,12,7,21
5/21/2014,17,9,21
5/22/2014,17,8,
5/23/2014,18,9,23
5/24/2014,18,9,23
5/25/2014,17,7,21
5/26/2014,16,8,
5/27/2014,20,7,22
5/28/2014,15,8,
5/29/2014,20,5,
5/30/2014,21,9,
5/31/2014,15,7,
6/1/2014,17,8,
6/2/2014,16,7,
6/3/2014,16,8,
6/4/2014,15,7,
6/5/2014,15,5,
6/6/2014,18,9,
6/7/2014,14,7,
6/8/2014,16,8,
6/9/2014,20,8,
6/10/2014,17,9,22
6/11/2014,16,8,
6/12/2014,17,11,
6/13/2014,18,7,
6/14/2014,17,7,24
6/15/2014,17,8,
6/16/2014,14,7,
6/17/2014,14,8,
6/18/2014,14,7,
6/19/2014,18,8,23
6/20/2014,18,7,
6/21/2014,14,6,
6/22/2014,17,9,
6/23/2014,18,7,
6/24/2014,14,9,23
6/25/2014,14,7,
6/26/2014,17,9,
6/27/2014,23,10,23
6/28/2014,14,8,23
6/29/2014,14,7,
6/30/2014,14,7,
7/1/2014,17,8,22
7/2/2014,17,9,25
7/3/2014,17,8,
7/4/2014,17,7,23
7/5/2014,16,8,
7/6/2014,14,8,
7/7/2014,12,7,
7/8/2014,17,8,
7/9/2014,16,9,
7/10/2014,16,7,
7/11/2014,18,8,
7/12/2014,17,11,23
7/13/2014,15,10,
7/14/2014,15,7,
7/15/2014,17,12,
7/16/2014,16,9,23
7/17/2014,17,8,
7/18/2014,17,9,23
7/19/2014,21,9,23
7/20/2014,23,11,
7/21/2014,18,9,
7/22/2014,16,9,
7/23/2014,17,9,23
7/24/2014,17,7,
7/25/2014,18,9,
7/26/2014,20,9,
7/27/2014,13,9,
7/28/2014,15,8,
7/29/2014,14,8,
7/30/2014,14,10,
7/31/2014,15,8,
8/1/2014,14,6,
8/2/2014,18,8,23
8/3/2014,18,10,
8/4/2014,18,9,
8/5/2014,21,9,24
8/6/2014,21,10,
8/7/2014,18,10,
8/8/2014,17,7,
8/9/2014,20,11,
8/10/2014,18,9,22
8/11/2014,18,9,
8/12/2014,18,10,
8/13/2014,17,10,24
8/14/2014,18,9,
8/15/2014,17,9,
8/16/2014,17,9,
8/17/2014,21,9,
8/18/2014,22,11,
8/19/2014,17,9,
8/20/2014,13,7,
8/21/2014,18,10,
8/22/2014,21,8,
8/23/2014,16,9,
8/24/2014,20,9,
8/25/2014,21,9,
8/26/2014,17,8,
8/27/2014,21,11,
8/28/2014,21,8,22
8/29/2014,20,9,
8/30/2014,23,6,23
8/31/2014,17,7,23
3/1/2014,25,10,33
3/2/2014,17,6,23
3/3/2014,20,5,29
3/4/2014,16,4,22
3/5/2014,14,5,20
3/6/2014,15,5,18
3/7/2014,16,5,18
3/8/2014,10,2,13
3/9/2014,12,3,14
3/10/2014,15,7,21
3/11/2014,22,10,29
3/12/2014,20,9,29
3/13/2014,17,3,
3/14/2014,14,4,17
3/15/2014,15,4,17
3/16/2014,21,5,29
3/17/2014,15,6,20
3/18/2014,14,4,17
3/19/2014,13,3,16
3/20/2014,17,6,18
3/21/2014,17,5,21
3/22/2014,14,5,17
3/23/2014,14,5,18
3/24/2014,17,5,21
3/25/2014,17,5,22
3/26/2014,15,6,20
3/27/2014,17,5,20
3/28/2014,14,5,17
3/29/2014,12,5,17
3/30/2014,16,6,22
3/31/2014,18,7,25
4/1/2014,20,8,24
4/2/2014,14,6,18
4/3/2014,17,4,21
4/4/2014,16,7,22
4/5/2014,21,6,24
4/6/2014,14,4,16
4/7/2014,12,3,15
4/8/2014,15,4,18
4/9/2014,14,5,17
4/10/2014,14,4,17
4/11/2014,15,6,17
4/12/2014,18,6,23
4/13/2014,21,5,24
4/14/2014,15,5,21
4/15/2014,20,6,22
4/16/2014,20,7,24
4/17/2014,24,7,28
4/18/2014,21,7,24
4/19/2014,23,6,25
4/20/2014,18,5,23
4/21/2014,21,6,25
4/22/2014,21,10,26
4/23/2014,22,8,25
4/24/2014,23,6,28
4/25/2014,16,7,23
4/26/2014,15,8,30
4/27/2014,21,9,25
4/28/2014,16,5,22
4/29/2014,13,3,16
4/30/2014,15,4,17
5/1/2014,16,4,23
5/2/2014,17,5,24
5/3/2014,25,8,30
5/4/2014,23,7,28
5/5/2014,20,8,26
5/6/2014,22,7,25
5/7/2014,21,6,26
5/8/2014,14,5,17
5/9/2014,18,9,30
5/10/2014,20,8,28
5/11/2014,18,7,24
5/12/2014,16,5,20
5/13/2014,15,4,20
5/14/2014,16,4,30
5/15/2014,21,6,24
5/16/2014,21,9,25
5/17/2014,22,8,25
5/18/2014,18,7,25
5/19/2014,17,7,24
5/20/2014,21,6,24
5/21/2014,23,7,26
5/22/2014,18,7,23
5/23/2014,21,7,24
5/24/2014,21,8,24
5/25/2014,22,6,24
5/26/2014,23,6,26
5/27/2014,22,7,28
5/28/2014,20,7,22
5/29/2014,22,7,24
5/30/2014,22,8,26
5/31/2014,15,5,17
6/1/2014,15,5,20
6/2/2014,17,7,22
6/3/2014,16,7,20
6/4/2014,15,5,18
6/5/2014,17,6,21
6/6/2014,16,7,21
6/7/2014,15,5,21
6/8/2014,17,5,22
6/9/2014,20,6,22
6/10/2014,17,7,22
6/11/2014,20,10,23
6/12/2014,22,8,25
6/13/2014,21,6,25
6/14/2014,25,7,28
6/15/2014,23,7,26
6/16/2014,21,7,26
6/17/2014,21,8,24
6/18/2014,22,7,24
6/19/2014,24,9,28
6/20/2014,21,6,25
6/21/2014,18,7,21
6/22/2014,21,7,24
6/23/2014,20,7,23
6/24/2014,22,8,26
6/25/2014,22,8,28
6/26/2014,22,9,25
6/27/2014,22,9,25
6/28/2014,23,8,26
6/29/2014,18,6,22
6/30/2014,17,5,21
7/1/2014,20,9,24
7/2/2014,24,9,29
7/3/2014,18,7,22
7/4/2014,18,7,22
7/5/2014,14,6,17
7/6/2014,14,6,18
7/7/2014,17,5,21
7/8/2014,18,8,22
7/9/2014,17,8,23
7/10/2014,18,9,22
7/11/2014,22,9,25
7/12/2014,20,8,23
7/13/2014,13,6,18
7/14/2014,14,5,18
7/15/2014,20,8,23
7/16/2014,25,9,29
7/17/2014,25,9,28
7/18/2014,21,9,24
7/19/2014,21,8,25
7/20/2014,22,10,26
7/21/2014,22,9,26
7/22/2014,20,7,24
7/23/2014,22,7,29
7/24/2014,21,7,23
7/25/2014,20,5,23
7/26/2014,17,6,21
7/27/2014,15,7,20
7/28/2014,16,5,21
7/29/2014,15,7,18
7/30/2014,17,6,21
7/31/2014,14,5,18
8/1/2014,15,6,21
8/2/2014,14,7,
8/3/2014,20,8,23
8/4/2014,17,7,22
8/5/2014,18,6,24
8/6/2014,20,6,23
8/7/2014,20,7,23
8/8/2014,17,6,20
8/9/2014,21,7,24
8/10/2014,17,6,21
8/11/2014,18,7,21
8/12/2014,22,7,25
8/13/2014,24,7,28
8/14/2014,18,6,23
8/15/2014,17,6,18
8/16/2014,15,6,20
8/17/2014,16,7,21
8/18/2014,22,7,25
8/19/2014,20,7,23
8/20/2014,17,6,21
8/21/2014,18,7,41
8/22/2014,24,8,28
8/23/2014,17,7,21
8/24/2014,20,8,24
8/25/2014,23,6,28
8/26/2014,17,6,22
8/27/2014,21,6,23
8/28/2014,17,5,21
8/29/2014,20,5,24
8/30/2014,23,7,26
8/31/2014,21,6,23
3/1/2014,29,14,38
3/2/2014,20,9,24
3/3/2014,22,8,28
3/4/2014,22,6,28
3/5/2014,16,8,21
3/6/2014,15,7,20
3/7/2014,15,6,23
3/8/2014,12,3,14
3/9/2014,15,4,20
3/10/2014,20,10,23
3/11/2014,25,11,38
3/12/2014,18,7,28
3/13/2014,14,4,
3/14/2014,15,5,18
3/15/2014,15,5,18
3/16/2014,20,5,24
3/17/2014,18,8,23
3/18/2014,20,6,24
3/19/2014,14,4,16
3/20/2014,18,6,22
3/21/2014,17,5,21
3/22/2014,15,6,17
3/23/2014,15,5,17
3/24/2014,15,6,18
3/25/2014,20,4,23
3/26/2014,18,7,24
3/27/2014,13,6,20
3/28/2014,15,7,18
3/29/2014,18,9,23
3/30/2014,17,7,22
3/31/2014,23,9,32
4/1/2014,23,10,32
4/2/2014,16,7,20
4/3/2014,16,7,21
4/4/2014,16,8,22
4/5/2014,21,8,23
4/6/2014,16,5,23
4/7/2014,15,4,18
4/8/2014,17,4,21
4/9/2014,13,5,18
4/10/2014,13,4,14
4/11/2014,14,6,17
4/12/2014,18,7,22
4/13/2014,18,6,22
4/14/2014,13,5,16
4/15/2014,17,6,20
4/16/2014,16,6,20
4/17/2014,21,6,25
4/18/2014,20,6,22
4/19/2014,20,7,26
4/20/2014,20,5,25
4/21/2014,24,6,29
4/22/2014,24,15,31
4/23/2014,21,8,26
4/24/2014,21,7,25
4/25/2014,21,7,26
4/26/2014,17,11,26
4/27/2014,22,9,28
4/28/2014,21,7,25
4/29/2014,15,4,20
4/30/2014,16,5,18
5/1/2014,22,6,26
5/2/2014,18,6,23
5/3/2014,22,10,29
5/4/2014,22,9,28
5/5/2014,22,11,30
5/6/2014,24,10,31
5/7/2014,21,7,26
5/8/2014,14,5,17
5/9/2014,23,13,28
5/10/2014,29,11,32
5/11/2014,25,9,30
5/12/2014,20,7,25
5/13/2014,18,5,25
5/14/2014,18,7,22
5/15/2014,22,7,26
5/16/2014,18,8,22
5/17/2014,20,8,23
5/18/2014,24,11,28
5/19/2014,22,9,39
5/20/2014,21,7,25
5/21/2014,20,7,24
5/22/2014,20,6,23
5/23/2014,18,6,22
5/24/2014,21,7,24
5/25/2014,18,7,22
5/26/2014,20,8,25
5/27/2014,22,8,26
5/28/2014,22,10,26
5/29/2014,18,7,23
5/30/2014,21,9,28
5/31/2014,14,6,18
6/1/2014,16,7,20
6/2/2014,21,10,24
6/3/2014,16,9,20
6/4/2014,16,6,20
6/5/2014,16,6,20
6/6/2014,15,8,20
6/7/2014,15,7,18
6/8/2014,20,5,23
6/9/2014,18,6,22
6/10/2014,16,8,22
6/11/2014,18,10,23
6/12/2014,21,9,24
6/13/2014,21,7,24
6/14/2014,22,6,28
6/15/2014,22,8,28
6/16/2014,21,7,24
6/17/2014,21,10,24
6/18/2014,22,7,26
6/19/2014,18,8,22
6/20/2014,23,7,28
6/21/2014,15,6,21
6/22/2014,21,6,26
6/23/2014,18,7,22
6/24/2014,21,7,26
6/25/2014,20,8,28
6/26/2014,22,10,25
6/27/2014,21,9,25
6/28/2014,21,9,28
6/29/2014,17,5,21
6/30/2014,17,6,20
7/1/2014,16,8,21
7/2/2014,22,8,25
7/3/2014,16,7,21
7/4/2014,17,7,21
7/5/2014,15,6,18
7/6/2014,13,6,17
7/7/2014,14,5,17
7/8/2014,15,7,21
7/9/2014,15,9,20
7/10/2014,17,9,24
7/11/2014,20,9,24
7/12/2014,18,8,22
7/13/2014,13,6,15
7/14/2014,16,5,24
7/15/2014,14,7,22
7/16/2014,21,8,25
7/17/2014,20,8,25
7/18/2014,16,9,21
7/19/2014,16,7,21
7/20/2014,18,8,24
7/21/2014,18,8,23
7/22/2014,20,8,24
7/23/2014,20,8,26
7/24/2014,18,7,23
7/25/2014,18,6,22
7/26/2014,17,7,21
7/27/2014,14,6,17
7/28/2014,15,5,18
7/29/2014,15,7,18
7/30/2014,15,7,18
7/31/2014,14,6,15
8/1/2014,16,6,20
8/2/2014,15,7,17
8/3/2014,16,7,21
8/4/2014,18,8,22
8/5/2014,21,6,26
8/6/2014,18,7,22
8/7/2014,16,6,20
8/8/2014,15,6,18
8/9/2014,16,8,20
8/10/2014,16,6,18
8/11/2014,14,6,18
8/12/2014,17,9,21
8/13/2014,20,8,24
8/14/2014,16,6,20
8/15/2014,14,7,17
8/16/2014,16,6,20
8/17/2014,15,6,20
8/18/2014,17,6,22
8/19/2014,15,7,20
8/20/2014,16,9,21
8/21/2014,16,8,21
8/22/2014,21,8,24
8/23/2014,16,8,22
8/24/2014,17,8,21
8/25/2014,20,8,23
8/26/2014,15,5,24
8/27/2014,16,6,20
8/28/2014,15,6,26
8/29/2014,21,5,24
8/30/2014,21,6,24
8/31/2014,20,6,22
9/1/2014,16,7,20
9/2/2014,21,8,
9/3/2014,21,8,24
9/4/2014,22,8,25
9/5/2014,18,8,32
9/6/2014,17,9,30
9/7/2014,18,10,28
9/8/2014,18,12,22
9/9/2014,17,7,21
9/10/2014,16,5,20
9/11/2014,20,7,22
9/12/2014,15,8,23
9/13/2014,22,8,33
9/14/2014,18,8,28
9/15/2014,18,9,49
9/16/2014,18,7,21
9/17/2014,21,9,29
9/18/2014,20,9,29
9/19/2014,23,7,31
9/20/2014,20,9,23
9/21/2014,22,11,28
9/22/2014,18,9,21
9/23/2014,18,8,23
9/24/2014,20,9,26
9/25/2014,21,6,24
9/26/2014,25,9,29
9/27/2014,18,9,24
9/28/2014,15,7,17
9/29/2014,20,8,28
9/30/2014,16,7,18
10/1/2014,15,4,31
10/2/2014,14,6,18
10/3/2014,15,5,20
10/4/2014,14,4,17
10/5/2014,15,5,35
10/6/2014,15,6,62
10/7/2014,18,7,21
10/8/2014,16,5,17
10/9/2014,17,9,20
10/10/2014,18,9,28
10/11/2014,13,6,15
10/12/2014,13,4,18
10/13/2014,17,6,33
10/14/2014,26,9,32
10/15/2014,21,8,28
10/16/2014,18,6,22
10/17/2014,12,4,17
10/18/2014,17,6,28
10/19/2014,20,7,22
10/20/2014,18,9,22
10/21/2014,20,7,36
10/22/2014,15,5,17
10/23/2014,14,4,15
10/24/2014,18,9,26
10/25/2014,25,13,30
10/26/2014,18,7,21
10/27/2014,12,4,14
10/28/2014,15,6,17
10/29/2014,15,4,17
10/30/2014,16,6,26
10/31/2014,18,8,24
11/1/2014,22,9,24
11/2/2014,21,4,24
11/3/2014,15,5,16
11/4/2014,12,4,14
11/5/2014,7,3,8
11/6/2014,13,4,15
11/7/2014,13,4,15
11/8/2014,8,2,20
11/9/2014,15,4,17
11/10/2014,16,5,18
11/11/2014,15,9,21
11/12/2014,10,4,16
11/13/2014,17,7,22
11/14/2014,16,6,20
11/15/2014,8,3,13
11/16/2014,15,5,28
11/17/2014,16,6,22
11/18/2014,13,5,20
11/19/2014,22,6,25
11/20/2014,15,4,21
11/21/2014,9,4,31
11/22/2014,20,10,23
11/23/2014,8,2,18
11/24/2014,7,2,21
11/25/2014,13,4,15
11/26/2014,10,3,37
11/27/2014,12,2,28
11/28/2014,13,6,17
11/29/2014,14,7,18
11/30/2014,16,4,31
12/1/2014,15,4,17
12/2/2014,21,9,25
12/3/2014,35,12,41
12/4/2014,14,5,20
12/5/2014,23,8,28
12/6/2014,16,6,20
12/7/2014,12,3,21
12/8/2014,9,4,12
12/9/2014,12,2,31
12/10/2014,32,10,39
12/11/2014,36,14,45
12/12/2014,9,3,10
12/13/2014,8,3,25
12/14/2014,14,6,16
12/15/2014,23,14,31
12/16/2014,21,11,24
12/17/2014,17,8,22
12/18/2014,13,6,15
12/19/2014,23,12,30
12/20/2014,13,4,16
12/21/2014,13,6,24
12/22/2014,8,3,24
12/23/2014,9,3,14
12/24/2014,28,11,33
12/25/2014,20,10,26
12/26/2014,17,7,23
12/27/2014,12,5,13
12/28/2014,10,4,14
12/29/2014,13,3,16
12/30/2014,41,17,53
12/31/2014,21,7,28
1/1/2015,23,8,28
1/2/2015,8,4,10
1/3/2015,12,2,14
1/4/2015,14,3,17
1/5/2015,8,3,9
1/6/2015,8,2,12
1/7/2015,8,2,9
1/8/2015,8,2,9
1/9/2015,9,4,12
1/10/2015,8,3,10
1/11/2015,8,3,25
1/12/2015,8,2,10
1/13/2015,16,3,21
1/14/2015,12,3,13
1/15/2015,13,4,16
1/16/2015,10,3,12
1/17/2015,12,5,15
1/18/2015,13,4,14
1/19/2015,14,5,16
1/20/2015,7,2,
1/21/2015,14,5,16
1/22/2015,14,6,18
1/23/2015,10,3,15
1/24/2015,22,7,26
1/25/2015,9,4,12
1/26/2015,9,3,14
1/27/2015,12,4,13
1/28/2015,9,3,12
1/29/2015,8,3,14
1/30/2015,16,5,17
1/31/2015,15,4,20
2/1/2015,12,3,14
2/2/2015,9,3,12
2/3/2015,13,3,15
2/4/2015,15,5,17
2/5/2015,28,6,35
2/6/2015,33,22,40
2/7/2015,28,6,35
2/8/2015,36,15,44
2/9/2015,22,8,26
2/10/2015,12,4,14
2/11/2015,8,3,10
2/12/2015,9,2,17
2/13/2015,10,3,13
2/14/2015,12,4,14
2/15/2015,9,3,13
2/16/2015,17,6,20
2/17/2015,10,6,13
2/18/2015,12,5,13
2/19/2015,14,5,17
2/20/2015,12,3,15
2/21/2015,17,5,21
2/22/2015,24,8,35
2/23/2015,24,7,31
2/24/2015,12,5,17
2/25/2015,17,5,20
2/26/2015,16,6,21
2/27/2015,38,19,45
2/28/2015,22,7,25
3/1/2015,17,7,21
3/2/2015,15,5,23
3/3/2015,16,5,18
3/4/2015,7,4,
3/5/2015,13,4,
3/6/2015,10,4,
3/7/2015,13,6,30
3/8/2015,18,7,21
3/9/2015,15,6,17
3/10/2015,25,5,29
3/11/2015,15,5,17
3/12/2015,14,5,15
3/13/2015,15,4,20
3/14/2015,13,5,15
3/15/2015,20,5,23
3/16/2015,13,5,14
3/17/2015,23,9,29
3/18/2015,17,6,21
3/19/2015,18,6,21
3/20/2015,18,6,22
3/21/2015,18,6,20
3/22/2015,18,9,29
3/23/2015,21,10,29
3/24/2015,21,7,23
3/25/2015,16,6,22
3/26/2015,14,5,15
3/27/2015,21,9,23
3/28/2015,24,6,26
3/29/2015,18,6,22
3/30/2015,21,8,23
3/31/2015,28,16,38
4/1/2015,24,9,26
4/2/2015,22,10,26
4/3/2015,18,8,21
4/4/2015,26,11,32
4/5/2015,21,11,24
4/6/2015,25,13,29
4/7/2015,30,15,40
4/8/2015,16,8,20
4/9/2015,17,6,20
4/10/2015,16,7,18
4/11/2015,20,7,23
4/12/2015,14,6,16
4/13/2015,29,15,36
4/14/2015,25,13,29
4/15/2015,22,8,25
4/16/2015,22,8,28
4/17/2015,20,7,23
4/18/2015,20,9,23
4/19/2015,20,9,23
4/20/2015,22,12,24
4/21/2015,21,14,25
4/22/2015,22,9,25
4/23/2015,22,10,24
4/24/2015,29,19,33
4/25/2015,26,15,31
4/26/2015,20,7,23
4/27/2015,22,9,25
4/28/2015,18,9,22
4/29/2015,20,8,23
4/30/2015,15,6,22
5/1/2015,20,9,23
5/2/2015,20,9,24
5/3/2015,20,11,23
5/4/2015,20,11,23
5/5/2015,18,11,25
5/6/2015,17,9,20
5/7/2015,17,6,20
5/8/2015,18,9,22
5/9/2015,21,11,23
5/10/2015,16,9,20
5/11/2015,28,14,31
5/12/2015,28,18,33
5/13/2015,21,12,24
5/14/2015,18,9,24
5/15/2015,26,13,32
5/16/2015,18,12,26
5/17/2015,22,13,24
5/18/2015,22,13,25
5/19/2015,21,12,23
5/20/2015,16,11,21
5/21/2015,18,10,21
5/22/2015,21,12,23
5/23/2015,20,11,23
5/24/2015,20,11,24
5/25/2015,20,12,24
5/26/2015,18,11,24
5/27/2015,21,12,24
5/28/2015,21,10,23
5/29/2015,18,10,22
5/30/2015,24,9,28
5/31/2015,24,11,28
6/1/2015,21,10,24
6/2/2015,20,11,25
6/3/2015,22,10,25
6/4/2015,17,9,26
6/5/2015,22,9,28
6/6/2015,22,9,28
6/7/2015,20,8,22
6/8/2015,20,8,23
6/9/2015,30,6,32
6/10/2015,15,6,17
6/11/2015,20,8,23
6/12/2015,20,9,23
6/13/2015,21,9,25
6/14/2015,21,12,24
6/15/2015,21,11,24
6/16/2015,20,12,
6/17/2015,23,9,25
6/18/2015,18,10,23
6/19/2015,18,9,21
6/20/2015,20,9,22
6/21/2015,22,12,25
6/22/2015,21,10,24
6/23/2015,21,9,24
6/24/2015,20,9,22
6/25/2015,18,7,21
6/26/2015,22,10,29
6/27/2015,17,9,20
6/28/2015,22,12,24
6/29/2015,16,10,21
6/30/2015,16,8,18
7/1/2015,24,9,30
7/2/2015,21,11,23
7/3/2015,21,11,23
7/4/2015,21,11,25
7/5/2015,22,11,26
7/6/2015,18,13,21
7/7/2015,21,13,26
7/8/2015,21,13,28
7/9/2015,17,10,20
7/10/2015,16,10,23
7/11/2015,21,12,26
7/12/2015,21,11,24
7/13/2015,24,12,28
7/14/2015,22,12,28
7/15/2015,18,10,24
7/16/2015,20,9,26
7/17/2015,21,10,24
7/18/2015,20,9,24
7/19/2015,16,6,20
7/20/2015,18,9,21
7/21/2015,20,11,23
7/22/2015,22,14,26
7/23/2015,21,13,25
7/24/2015,21,11,23
7/25/2015,21,10,29
7/26/2015,18,9,24
7/27/2015,21,9,25
7/28/2015,18,6,21
7/29/2015,18,10,23
7/30/2015,21,11,24
7/31/2015,20,11,23
8/1/2015,20,12,24
8/2/2015,20,12,23
8/3/2015,22,14,25
8/4/2015,18,10,22
8/5/2015,20,8,22
8/6/2015,21,8,24
8/7/2015,22,10,24
8/8/2015,18,11,25
8/9/2015,21,11,28
8/10/2015,22,13,25
8/11/2015,21,11,24
8/12/2015,18,9,22
8/13/2015,20,10,24
8/14/2015,17,9,21
8/15/2015,15,5,21
8/16/2015,16,5,20
8/17/2015,21,10,24
8/18/2015,18,10,22
8/19/2015,20,11,23
8/20/2015,20,12,24
8/21/2015,21,11,23
8/22/2015,22,8,25
8/23/2015,17,10,21
8/24/2015,17,10,22
8/25/2015,18,10,23
8/26/2015,16,6,21
8/27/2015,17,6,29
8/28/2015,24,8,28
8/29/2015,21,11,25
8/30/2015,20,11,22
8/31/2015,18,9,21
9/1/2014,12,2,
9/2/2014,10,3,
9/3/2014,13,4,
9/4/2014,13,4,
9/5/2014,14,4,
9/6/2014,12,4,
9/7/2014,14,6,
9/8/2014,16,8,20
9/9/2014,12,3,
9/10/2014,118,3,
9/11/2014,12,5,
9/12/2014,10,2,
9/13/2014,9,3,
9/14/2014,12,3,
9/15/2014,14,3,17
9/16/2014,13,3,
9/17/2014,17,4,22
9/18/2014,15,7,21
9/19/2014,17,3,
9/20/2014,13,2,
9/21/2014,16,7,23
9/22/2014,14,5,18
9/23/2014,14,4,
9/24/2014,17,5,23
9/25/2014,15,7,
9/26/2014,18,4,24
9/27/2014,15,8,23
9/28/2014,13,3,18
9/29/2014,14,3,
9/30/2014,9,3,
10/1/2014,14,2,
10/2/2014,6,1,
10/3/2014,8,1,
10/4/2014,10,1,
10/5/2014,8,1,
10/6/2014,8,3,
10/7/2014,9,2,
10/8/2014,9,1,
10/9/2014,10,2,
10/10/2014,9,5,
10/11/2014,10,3,
10/12/2014,7,1,
10/13/2014,13,1,
10/14/2014,17,4,28
10/15/2014,14,6,23
10/16/2014,13,2,18
10/17/2014,9,2,
10/18/2014,12,2,
10/19/2014,15,2,17
10/20/2014,13,3,17
10/21/2014,15,4,18
10/22/2014,12,2,
10/23/2014,9,1,
10/24/2014,14,4,20
10/25/2014,18,10,24
10/26/2014,16,4,21
10/27/2014,10,2,
10/28/2014,10,1,
10/29/2014,6,1,
10/30/2014,12,2,
10/31/2014,12,4,16
11/1/2014,14,4,20
11/2/2014,13,3,
11/3/2014,9,1,
11/4/2014,8,1,
11/5/2014,6,1,
11/6/2014,9,3,
11/7/2014,8,1,
11/8/2014,4,0,
11/9/2014,8,1,
11/10/2014,9,2,
11/11/2014,10,3,
11/12/2014,9,2,
11/13/2014,12,5,
11/14/2014,12,4,
11/15/2014,108,5,20
11/16/2014,8,1,
11/17/2014,6,2,
11/18/2014,6,1,
11/19/2014,14,2,20
11/20/2014,12,2,
11/21/2014,6,2,
11/22/2014,16,6,22
11/23/2014,6,3,
11/24/2014,6,1,
11/25/2014,6,1,
11/26/2014,6,1,
11/27/2014,5,0,
11/28/2014,10,2,
11/29/2014,8,4,
11/30/2014,12,1,
12/1/2014,7,1,
12/2/2014,16,5,
12/3/2014,18,8,23
12/4/2014,9,3,
12/5/2014,13,3,17
12/6/2014,9,3,
12/7/2014,10,2,18
12/8/2014,10,2,
12/9/2014,7,2,
12/10/2014,23,4,36
12/11/2014,28,16,36
12/12/2014,6,1,
12/13/2014,5,0,
12/14/2014,10,1,
12/15/2014,17,7,28
12/16/2014,18,4,24
12/17/2014,12,3,17
12/18/2014,7,3,
12/19/2014,16,6,16
12/20/2014,7,1,
12/21/2014,15,2,20
12/22/2014,8,1,
12/23/2014,7,0,
12/24/2014,28,4,33
12/25/2014,17,7,24
12/26/2014,14,7,20
12/27/2014,6,1,
12/28/2014,7,1,
12/29/2014,15,3,22
12/30/2014,30,10,40
12/31/2014,15,7,18
1/1/2015,8,2,
1/2/2015,5,0,
1/3/2015,6,0,
1/4/2015,5,1,
1/5/2015,6,0,
1/6/2015,5,1,
1/7/2015,5,0,
1/8/2015,5,1,
1/9/2015,7,1,
1/10/2015,7,3,
1/11/2015,4,1,
1/12/2015,7,1,
1/13/2015,7,1,
1/14/2015,6,1,
1/15/2015,8,2,
1/16/2015,7,2,
1/17/2015,6,2,
1/18/2015,7,2,
1/19/2015,9,2,
1/20/2015,8,1,
1/21/2015,5,0,
1/22/2015,7,2,
1/23/2015,6,1,
1/24/2015,8,2,
1/25/2015,6,2,
1/26/2015,6,1,
1/27/2015,20,6,24
1/28/2015,7,1,
1/29/2015,6,1,
1/30/2015,8,1,
1/31/2015,7,1,
2/1/2015,7,1,
2/2/2015,7,1,
2/3/2015,6,0,
2/4/2015,9,1,
2/5/2015,20,4,24
2/6/2015,24,15,38
2/7/2015,20,9,28
2/8/2015,28,7,43
2/9/2015,13,6,21
2/10/2015,8,1,
2/11/2015,5,1,
2/12/2015,6,1,
2/13/2015,6,1,
2/14/2015,6,2,
2/15/2015,6,0,
2/16/2015,9,2,
2/17/2015,8,4,
2/18/2015,10,5,
2/19/2015,9,1,
2/20/2015,8,3,
2/21/2015,13,1,
2/22/2015,15,3,22
2/23/2015,15,8,22
2/24/2015,12,2,
2/25/2015,12,3,
2/26/2015,23,5,28
2/27/2015,18,13,29
2/28/2015,16,6,22
3/1/2015,10,2,
3/2/2015,8,2,
3/3/2015,9,1,
3/4/2015,8,1,
3/5/2015,7,1,
3/6/2015,9,1,
3/7/2015,8,1,
3/8/2015,8,2,
3/9/2015,10,5,
3/10/2015,14,2,
3/11/2015,12,3,
3/12/2015,39,1,
3/13/2015,7,1,
3/14/2015,8,2,
3/15/2015,13,4,18
3/16/2015,10,2,
3/17/2015,16,6,23
3/18/2015,9,2,
3/19/2015,9,3,
3/20/2015,12,2,16
3/21/2015,12,3,
3/22/2015,14,4,18
3/23/2015,13,4,16
3/24/2015,13,4,22
3/25/2015,9,3,
3/26/2015,7,1,
3/27/2015,15,4,22
3/28/2015,12,3,
3/29/2015,12,3,
3/30/2015,17,5,25
3/31/2015,22,14,28
4/1/2015,18,9,30
4/2/2015,14,5,21
4/3/2015,18,3,24
4/4/2015,21,5,28
4/5/2015,16,3,23
4/6/2015,15,5,22
4/7/2015,17,10,25
4/8/2015,12,5,
4/9/2015,13,2,
4/10/2015,15,3,
4/11/2015,17,3,22
4/12/2015,9,4,
4/13/2015,18,6,24
4/14/2015,18,10,22
4/15/2015,12,5,
4/16/2015,17,4,17
4/17/2015,14,3,
4/18/2015,12,3,
4/19/2015,12,4,
4/20/2015,14,6,
4/21/2015,16,6,21
4/22/2015,14,4,21
4/23/2015,17,5,24
4/24/2015,23,13,32
4/25/2015,18,12,29
4/26/2015,18,10,21
4/27/2015,13,3,
4/28/2015,14,7,18
4/29/2015,14,4,18
4/30/2015,100,4,
5/1/2015,13,3,16
5/2/2015,7,4,
5/3/2015,18,6,22
5/4/2015,21,9,30
5/5/2015,17,5,29
5/6/2015,15,8,21
5/7/2015,13,5,
5/8/2015,13,4,
5/9/2015,17,9,18
5/10/2015,16,9,
5/11/2015,20,7,28
5/12/2015,22,13,32
5/13/2015,14,8,18
5/14/2015,12,4,18
5/15/2015,16,5,24
5/16/2015,20,8,25
5/17/2015,13,5,17
5/18/2015,14,7,
5/19/2015,16,6,24
5/20/2015,13,6,
5/21/2015,18,5,23
5/22/2015,16,6,21
5/23/2015,16,9,24
5/24/2015,22,5,29
5/25/2015,20,9,25
5/26/2015,17,7,23
5/27/2015,18,7,24
5/28/2015,17,9,
5/29/2015,14,8,16
5/30/2015,18,6,23
5/31/2015,18,7,20
6/1/2015,77,10,20
6/2/2015,14,10,21
6/3/2015,16,12,23
6/4/2015,18,5,16
6/5/2015,14,6,16
6/6/2015,15,8,
6/7/2015,12,5,16
6/8/2015,15,5,
6/9/2015,10,6,
6/10/2015,10,3,
6/11/2015,15,6,21
6/12/2015,14,6,
6/13/2015,14,9,
6/14/2015,15,7,
6/15/2015,20,13,26
6/16/2015,13,6,
6/17/2015,15,5,
6/18/2015,14,6,
6/19/2015,13,4,17
6/20/2015,13,3,
6/21/2015,15,7,18
6/22/2015,18,7,
6/23/2015,17,5,24
6/24/2015,14,7,18
6/25/2015,14,3,
6/26/2015,12,4,
6/27/2015,13,5,
6/28/2015,15,5,18
6/29/2015,13,8,
6/30/2015,13,5,
7/1/2015,12,4,
7/2/2015,13,4,
7/3/2015,13,5,
7/4/2015,12,4,
7/5/2015,16,5,21
7/6/2015,13,7,22
7/7/2015,30,7,25
7/8/2015,20,8,25
7/9/2015,13,6,18
7/10/2015,14,8,20
7/11/2015,17,5,24
7/12/2015,15,5,20
7/13/2015,15,7,23
7/14/2015,17,9,30
7/15/2015,14,3,20
7/16/2015,15,4,
7/17/2015,13,4,18
7/18/2015,17,3,21
7/19/2015,13,3,22
7/20/2015,14,4,
7/21/2015,23,9,30
7/22/2015,22,5,28
7/23/2015,17,7,24
7/24/2015,15,7,21
7/25/2015,20,6,25
7/26/2015,18,5,23
7/27/2015,15,3,22
7/28/2015,10,2,
7/29/2015,14,3,18
7/30/2015,13,5,
7/31/2015,17,6,
8/1/2015,16,5,21
8/2/2015,18,8,23
8/3/2015,17,7,23
8/4/2015,15,4,18
8/5/2015,13,3,
8/6/2015,10,3,
8/7/2015,15,5,21
8/8/2015,18,6,28
8/9/2015,15,4,21
8/10/2015,18,4,28
8/11/2015,16,5,22
8/12/2015,16,4,22
8/13/2015,15,5,17
8/14/2015,14,6,17
8/15/2015,12,3,
8/16/2015,10,2,
8/17/2015,13,4,18
8/18/2015,12,4,
8/19/2015,14,6,20
8/20/2015,15,7,
8/21/2015,15,4,
8/22/2015,12,4,
8/23/2015,16,6,
8/24/2015,13,7,
8/25/2015,13,6,
8/26/2015,10,3,
8/27/2015,14,3,20
8/28/2015,20,3,21
8/29/2015,13,4,
8/30/2015,16,6,23
8/31/2015,18,4,20
9/1/2014,17,6,22
9/2/2014,21,10,
9/3/2014,18,8,
9/4/2014,17,9,
9/5/2014,15,8,
9/6/2014,17,7,
9/7/2014,17,10,
9/8/2014,21,10,
9/9/2014,13,7,
9/10/2014,13,6,
9/11/2014,16,8,
9/12/2014,12,6,
9/13/2014,17,6,24
9/14/2014,15,7,
9/15/2014,21,9,25
9/16/2014,18,8,
9/17/2014,14,7,24
9/18/2014,12,7,
9/19/2014,18,7,
9/20/2014,20,9,23
9/21/2014,18,10,
9/22/2014,17,7,24
9/23/2014,16,8,
9/24/2014,17,8,
9/25/2014,14,6,
9/26/2014,21,9,24
9/27/2014,14,7,
9/28/2014,17,8,
9/29/2014,18,9,26
9/30/2014,14,7,
10/1/2014,13,5,
10/2/2014,10,4,
10/3/2014,12,4,
10/4/2014,12,6,
10/5/2014,14,7,
10/6/2014,12,6,
10/7/2014,13,5,
10/8/2014,14,7,
10/9/2014,14,5,
10/10/2014,15,8,
10/11/2014,12,6,
10/12/2014,10,6,
10/13/2014,15,7,21
10/14/2014,14,7,23
10/15/2014,17,8,
10/16/2014,16,6,
10/17/2014,12,5,
10/18/2014,17,7,
10/19/2014,17,8,23
10/20/2014,15,8,
10/21/2014,20,8,
10/22/2014,14,5,
10/23/2014,12,4,
10/24/2014,16,6,
10/25/2014,17,8,
10/26/2014,18,9,
10/27/2014,15,6,
10/28/2014,13,6,
10/29/2014,10,4,
10/30/2014,14,6,
10/31/2014,9,7,
11/1/2014,12,7,
11/2/2014,12,5,
11/3/2014,12,5,
11/4/2014,10,4,
11/5/2014,9,4,
11/6/2014,14,4,
11/7/2014,12,5,
11/8/2014,9,2,
11/9/2014,14,6,
11/10/2014,14,3,
11/11/2014,13,6,
11/12/2014,10,5,
11/13/2014,12,8,
11/14/2014,12,4,
11/15/2014,16,7,
11/16/2014,14,5,
11/17/2014,14,7,
11/18/2014,9,5,
11/19/2014,17,12,26
11/20/2014,9,5,
11/21/2014,8,4,
11/22/2014,18,11,22
11/23/2014,9,5,
11/24/2014,9,7,
11/25/2014,8,4,
11/26/2014,8,3,
11/27/2014,7,4,
11/28/2014,12,7,
11/29/2014,12,9,
11/30/2014,17,8,
12/1/2014,9,4,
12/2/2014,12,9,
12/3/2014,23,13,25
12/4/2014,10,7,
12/5/2014,14,8,
12/6/2014,12,8,
12/7/2014,10,2,
12/8/2014,8,6,
12/9/2014,9,5,
12/10/2014,20,7,20
12/11/2014,23,13,34
12/12/2014,8,6,
12/13/2014,7,2,
12/14/2014,16,8,
12/15/2014,26,18,
12/16/2014,20,13,
12/17/2014,12,7,
12/18/2014,12,7,
12/19/2014,17,12,24
12/20/2014,6,2,
12/21/2014,16,4,
12/22/2014,12,5,
12/23/2014,12,5,
12/24/2014,21,9,30
12/25/2014,17,15,29
12/26/2014,94,17,
12/27/2014,7,3,
12/28/2014,7,2,
12/29/2014,12,6,
12/30/2014,30,16,40
12/31/2014,13,6,
1/1/2015,7,4,
1/2/2015,7,2,
1/3/2015,52,5,
1/4/2015,10,4,
1/5/2015,7,4,
1/6/2015,7,2,
1/7/2015,10,2,
1/8/2015,7,3,
1/9/2015,8,3,
1/10/2015,9,5,
1/11/2015,12,3,
1/12/2015,8,3,
1/13/2015,9,4,
1/14/2015,77,7,
1/15/2015,9,2,
1/16/2015,9,2,
1/17/2015,8,5,
1/18/2015,12,4,
1/19/2015,7,4,
1/20/2015,9,4,
1/21/2015,9,3,
1/22/2015,20,10,
1/23/2015,9,5,
1/24/2015,9,5,
1/25/2015,9,5,
1/26/2015,9,2,
1/27/2015,10,7,
1/28/2015,9,4,
1/29/2015,12,4,
1/30/2015,13,4,
1/31/2015,10,5,
2/1/2015,10,5,
2/2/2015,12,6,
2/3/2015,12,3,
2/4/2015,12,6,
2/5/2015,9,3,
2/6/2015,29,23,40
2/7/2015,10,5,
2/8/2015,21,13,28
2/9/2015,14,8,
2/10/2015,10,6,
2/11/2015,10,2,
2/12/2015,10,4,
2/13/2015,13,3,
2/14/2015,12,2,
2/15/2015,9,3,
2/16/2015,12,11,
2/17/2015,12,7,
2/18/2015,13,6,
2/19/2015,13,4,
2/20/2015,13,4,
2/21/2015,13,6,
2/22/2015,21,10,
2/23/2015,18,14,
2/24/2015,15,7,
2/25/2015,14,7,
2/26/2015,15,7,
2/27/2015,18,15,
2/28/2015,7,6,
3/1/2015,13,5,
3/2/2015,13,8,
3/3/2015,15,7,
3/4/2015,10,5,
3/5/2015,13,4,
3/6/2015,9,4,
3/7/2015,12,4,
3/8/2015,14,6,
3/9/2015,12,6,
3/10/2015,17,6,
3/11/2015,15,9,
3/12/2015,13,4,
3/13/2015,12,6,
3/14/2015,12,4,
3/15/2015,18,8,
3/16/2015,14,6,
3/17/2015,17,13,22
3/18/2015,108,13,
3/19/2015,14,4,
3/20/2015,17,5,
3/21/2015,15,7,
3/22/2015,12,6,
3/23/2015,23,12,
3/24/2015,17,8,
3/25/2015,17,8,
3/26/2015,12,6,
3/27/2015,23,10,24
3/28/2015,14,8,
3/29/2015,15,7,
3/30/2015,21,10,29
3/31/2015,23,17,25
4/1/2015,17,8,
4/2/2015,20,7,
4/3/2015,21,8,
4/4/2015,21,8,
4/5/2015,23,10,
4/6/2015,16,12,
4/7/2015,14,10,21
4/8/2015,18,8,
4/9/2015,16,5,
4/10/2015,22,9,
4/11/2015,22,9,
4/12/2015,16,8,
4/13/2015,21,7,23
4/14/2015,18,15,
4/15/2015,17,11,
4/16/2015,13,13,
4/17/2015,20,7,
4/18/2015,17,8,
4/19/2015,20,9,
4/20/2015,118,17,
4/21/2015,17,10,
4/22/2015,14,8,
4/23/2015,20,10,
4/24/2015,18,12,25
4/25/2015,20,12,23
4/26/2015,21,10,
4/27/2015,20,7,
4/28/2015,20,11,
4/29/2015,17,6,
4/30/2015,14,8,
5/1/2015,21,9,
5/2/2015,20,10,
5/3/2015,16,10,
5/4/2015,20,11,
5/5/2015,17,9,
5/6/2015,20,10,
5/7/2015,9,7,
5/8/2015,15,8,
5/9/2015,17,9,
5/10/2015,18,11,23
5/11/2015,21,9,22
5/12/2015,120,17,29
5/13/2015,17,9,
5/14/2015,14,8,
5/15/2015,17,8,
5/16/2015,17,9,
5/17/2015,17,9,
5/18/2015,14,10,
5/19/2015,21,9,
5/20/2015,16,9,
5/21/2015,15,8,
5/22/2015,17,9,
5/23/2015,17,10,
5/24/2015,23,10,25
5/25/2015,20,12,
5/26/2015,21,9,
5/27/2015,23,11,
5/28/2015,21,11,
5/29/2015,18,8,
5/30/2015,17,8,
5/31/2015,20,10,
6/1/2015,16,10,
6/2/2015,17,11,
6/3/2015,17,9,24
6/4/2015,16,8,22
6/5/2015,21,9,22
6/6/2015,17,10,
6/7/2015,20,9,
6/8/2015,17,9,
6/9/2015,23,10,
6/10/2015,12,6,
6/11/2015,23,9,
6/12/2015,20,9,
6/13/2015,20,9,
6/14/2015,23,11,
6/15/2015,17,12,
6/16/2015,23,10,
6/17/2015,16,7,
6/18/2015,23,9,
6/19/2015,23,8,
6/20/2015,17,8,
6/21/2015,23,9,
6/22/2015,21,11,23
6/23/2015,23,9,
6/24/2015,21,10,
6/25/2015,14,8,
6/26/2015,23,11,
6/27/2015,20,8,
6/28/2015,21,12,
6/29/2015,17,11,
6/30/2015,17,9,
7/1/2015,17,8,
7/2/2015,17,11,
7/3/2015,23,12,
7/4/2015,18,11,
7/5/2015,76,16,23
7/6/2015,21,11,
7/7/2015,23,11,
7/8/2015,9,5,
7/9/2015,12,9,
7/10/2015,14,7,
7/11/2015,21,8,
7/12/2015,21,7,
7/13/2015,17,10,
7/14/2015,21,11,23
7/15/2015,59,22,
7/16/2015,18,8,
7/17/2015,21,8,
7/18/2015,23,11,
7/19/2015,17,6,
7/20/2015,21,12,23
7/21/2015,21,10,25
7/22/2015,22,10,23
7/23/2015,20,12,25
7/24/2015,21,10,28
7/25/2015,25,10,
7/26/2015,21,9,
7/27/2015,18,10,
7/28/2015,17,7,
7/29/2015,18,9,
7/30/2015,128,16,
7/31/2015,17,11,23
8/1/2015,20,9,
8/2/2015,22,12,
8/3/2015,23,13,
8/4/2015,16,7,
8/5/2015,17,8,
8/6/2015,14,8,
8/7/2015,18,7,
8/8/2015,,,
8/9/2015,23,10,24
8/10/2015,20,9,
8/11/2015,23,11,
8/12/2015,18,6,23
8/13/2015,23,9,
8/14/2015,17,11,21
8/15/2015,12,9,
8/16/2015,17,14,
8/17/2015,17,6,
8/18/2015,17,9,
8/19/2015,21,8,20
8/20/2015,21,17,
8/21/2015,21,11,
8/22/2015,16,7,
8/23/2015,20,9,
8/24/2015,20,11,21
8/25/2015,17,7,
8/26/2015,18,7,
8/27/2015,17,6,
8/28/2015,17,15,26
8/29/2015,16,8,
8/30/2015,21,9,
8/31/2015,17,8,
9/1/2014,17,5,21
9/2/2014,18,7,23
9/3/2014,17,6,22
9/4/2014,16,6,21
9/5/2014,17,7,21
9/6/2014,15,5,21
9/7/2014,16,5,21
9/8/2014,21,7,24
9/9/2014,14,4,17
9/10/2014,14,4,16
9/11/2014,14,4,16
9/12/2014,13,4,15
9/13/2014,15,4,20
9/14/2014,14,5,21
9/15/2014,22,6,24
9/16/2014,18,6,22
9/17/2014,20,6,23
9/18/2014,17,7,20
9/19/2014,20,6,24
9/20/2014,20,6,23
9/21/2014,21,6,24
9/22/2014,18,5,28
9/23/2014,20,5,22
9/24/2014,21,5,24
9/25/2014,17,5,28
9/26/2014,16,5,22
9/27/2014,15,4,21
9/28/2014,17,5,21
9/29/2014,21,5,25
9/30/2014,16,4,18
10/1/2014,14,4,17
10/2/2014,12,3,13
10/3/2014,10,3,14
10/4/2014,12,3,16
10/5/2014,12,3,14
10/6/2014,12,3,20
10/7/2014,14,4,16
10/8/2014,14,3,17
10/9/2014,12,4,14
10/10/2014,13,5,17
10/11/2014,14,3,16
10/12/2014,13,3,15
10/13/2014,17,5,21
10/14/2014,20,7,29
10/15/2014,20,5,23
10/16/2014,14,4,16
10/17/2014,13,3,17
10/18/2014,14,4,16
10/19/2014,21,5,23
10/20/2014,14,4,18
10/21/2014,15,4,20
10/22/2014,13,4,15
10/23/2014,12,3,14
10/24/2014,17,6,21
10/25/2014,17,7,25
10/26/2014,15,6,21
10/27/2014,14,3,17
10/28/2014,12,2,15
10/29/2014,12,1,13
10/30/2014,14,4,18
10/31/2014,14,5,18
11/1/2014,13,4,20
11/2/2014,14,3,20
11/3/2014,13,2,15
11/4/2014,12,2,14
11/5/2014,9,1,12
11/6/2014,13,3,18
11/7/2014,10,3,24
11/8/2014,7,2,13
11/9/2014,12,2,15
11/10/2014,13,3,17
11/11/2014,12,1,14
11/12/2014,10,3,14
11/13/2014,16,6,23
11/14/2014,13,3,28
11/15/2014,14,3,17
11/16/2014,18,5,21
11/17/2014,12,2,14
11/18/2014,9,2,10
11/19/2014,18,6,28
11/20/2014,13,2,15
11/21/2014,8,2,9
11/22/2014,16,7,25
11/23/2014,10,3,12
11/24/2014,9,3,12
11/25/2014,7,1,8
11/26/2014,9,1,10
11/27/2014,6,1,10
11/28/2014,12,3,15
11/29/2014,13,6,17
11/30/2014,10,3,15
12/1/2014,12,3,18
12/2/2014,15,6,22
12/3/2014,22,9,32
12/4/2014,12,4,17
12/5/2014,13,5,18
12/6/2014,13,4,17
12/7/2014,10,2,13
12/8/2014,12,2,13
12/9/2014,9,2,14
12/10/2014,22,7,33
12/11/2014,23,7,33
12/12/2014,6,1,7
12/13/2014,8,2,9
12/14/2014,14,4,18
12/15/2014,21,10,30
12/16/2014,16,7,26
12/17/2014,14,5,26
12/18/2014,16,7,25
12/19/2014,20,8,25
12/20/2014,7,1,9
12/21/2014,14,4,16
12/22/2014,12,2,14
12/23/2014,10,3,14
12/24/2014,21,5,29
12/25/2014,18,8,26
12/26/2014,15,4,18
12/27/2014,7,1,8
12/28/2014,9,2,10
12/29/2014,14,3,24
12/30/2014,31,12,40
12/31/2014,23,5,26
1/1/2015,14,2,16
1/2/2015,8,2,9
1/3/2015,9,1,22
1/4/2015,9,2,10
1/5/2015,12,2,18
1/6/2015,8,1,10
1/7/2015,6,1,16
1/8/2015,7,1,7
1/9/2015,8,1,9
1/10/2015,8,2,8
1/11/2015,9,1,13
1/12/2015,10,1,12
1/13/2015,22,3,25
1/14/2015,8,2,9
1/15/2015,12,2,14
1/16/2015,8,2,10
1/17/2015,8,2,10
1/18/2015,10,1,12
1/19/2015,9,3,12
1/20/2015,7,2,
1/21/2015,12,3,28
1/22/2015,12,3,15
1/23/2015,9,3,13
1/24/2015,16,5,21
1/25/2015,9,3,12
1/26/2015,8,1,9
1/27/2015,14,5,18
1/28/2015,8,2,10
1/29/2015,12,2,13
1/30/2015,13,2,17
1/31/2015,9,2,13
2/1/2015,12,1,15
2/2/2015,9,2,10
2/3/2015,10,1,12
2/4/2015,12,2,16
2/5/2015,17,6,28
2/6/2015,26,14,36
2/7/2015,15,5,25
2/8/2015,20,9,29
2/9/2015,16,5,24
2/10/2015,17,3,22
2/11/2015,9,2,12
2/12/2015,9,2,12
2/13/2015,10,1,13
2/14/2015,9,2,15
2/15/2015,8,2,10
2/16/2015,13,4,14
2/17/2015,9,4,12
2/18/2015,10,2,15
2/19/2015,9,2,13
2/20/2015,10,2,14
2/21/2015,15,3,20
2/22/2015,20,7,25
2/23/2015,23,9,28
2/24/2015,13,3,16
2/25/2015,17,4,21
2/26/2015,17,4,20
2/27/2015,17,8,28
2/28/2015,16,3,22
3/1/2015,13,4,16
3/2/2015,12,4,15
3/3/2015,15,4,17
3/4/2015,8,3,
3/5/2015,9,3,
3/6/2015,12,3,
3/7/2015,10,3,14
3/8/2015,13,5,17
3/9/2015,10,3,13
3/10/2015,17,4,22
3/11/2015,20,6,22
3/12/2015,14,4,16
3/13/2015,14,3,17
3/14/2015,12,3,14
3/15/2015,23,7,25
3/16/2015,14,3,22
3/17/2015,18,7,22
3/18/2015,18,5,22
3/19/2015,15,4,18
3/20/2015,18,4,22
3/21/2015,17,5,22
3/22/2015,18,6,24
3/23/2015,24,7,28
3/24/2015,17,7,21
3/25/2015,15,5,17
3/26/2015,12,3,13
3/27/2015,20,7,23
3/28/2015,16,5,21
3/29/2015,17,3,21
3/30/2015,23,6,25
3/31/2015,18,8,28
4/1/2015,21,7,24
4/2/2015,16,5,22
4/3/2015,20,5,23
4/4/2015,23,7,26
4/5/2015,18,5,24
4/6/2015,15,7,20
4/7/2015,18,7,28
4/8/2015,15,5,20
4/9/2015,15,4,18
4/10/2015,17,6,21
4/11/2015,20,5,23
4/12/2015,15,5,18
4/13/2015,24,8,28
4/14/2015,17,9,23
4/15/2015,15,5,21
4/16/2015,13,5,18
4/17/2015,16,6,20
4/18/2015,16,5,18
4/19/2015,18,7,22
4/20/2015,18,7,22
4/21/2015,17,5,21
4/22/2015,18,6,22
4/23/2015,18,6,26
4/24/2015,17,7,23
4/25/2015,18,7,22
4/26/2015,20,7,25
4/27/2015,20,7,23
4/28/2015,21,8,23
4/29/2015,16,6,21
4/30/2015,10,4,
5/1/2015,16,6,22
5/2/2015,14,7,18
5/3/2015,17,7,
5/4/2015,17,7,25
5/5/2015,17,6,24
5/6/2015,22,7,26
5/7/2015,12,4,16
5/8/2015,20,8,23
5/9/2015,20,7,24
5/10/2015,20,7,23
5/11/2015,18,6,26
5/12/2015,18,7,26
5/13/2015,21,6,25
5/14/2015,15,4,18
5/15/2015,22,6,37
5/16/2015,16,6,21
5/17/2015,16,6,22
5/18/2015,13,6,18
5/19/2015,18,5,23
5/20/2015,15,6,22
5/21/2015,16,6,22
5/22/2015,17,6,22
5/23/2015,16,7,22
5/24/2015,23,8,28
5/25/2015,23,9,26
5/26/2015,23,7,26
5/27/2015,22,8,26
5/28/2015,18,8,22
5/29/2015,18,8,22
5/30/2015,20,8,23
5/31/2015,22,8,25
6/1/2015,20,9,24
6/2/2015,23,8,26
6/3/2015,17,6,22
6/4/2015,17,6,21
6/5/2015,17,7,21
6/6/2015,17,8,22
6/7/2015,15,5,20
6/8/2015,15,6,18
6/9/2015,23,6,28
6/10/2015,14,4,17
6/11/2015,18,6,22
6/12/2015,15,5,20
6/13/2015,18,7,23
6/14/2015,21,8,25
6/15/2015,18,8,24
6/16/2015,15,7,
6/17/2015,16,6,20
6/18/2015,21,7,23
6/19/2015,20,7,23
6/20/2015,16,6,18
6/21/2015,21,9,25
6/22/2015,22,8,25
6/23/2015,22,7,25
6/24/2015,17,7,28
6/25/2015,14,5,18
6/26/2015,17,7,44
6/27/2015,18,8,21
6/28/2015,21,10,24
6/29/2015,16,8,20
6/30/2015,13,5,18
7/1/2015,16,5,21
7/2/2015,16,7,20
7/3/2015,21,8,25
7/4/2015,20,7,23
7/5/2015,22,9,25
7/6/2015,23,9,26
7/7/2015,25,8,29
7/8/2015,22,7,26
7/9/2015,16,6,20
7/10/2015,20,7,23
7/11/2015,24,7,29
7/12/2015,26,8,31
7/13/2015,23,8,28
7/14/2015,22,8,26
7/15/2015,16,6,21
7/16/2015,18,7,25
7/17/2015,16,7,21
7/18/2015,22,9,26
7/19/2015,18,6,21
7/20/2015,23,9,28
7/21/2015,21,9,26
7/22/2015,25,8,30
7/23/2015,20,8,24
7/24/2015,23,8,25
7/25/2015,23,8,31
7/26/2015,22,7,26
7/27/2015,23,7,26
7/28/2015,17,4,22
7/29/2015,16,6,21
7/30/2015,15,8,28
7/31/2015,21,8,24
8/1/2015,18,8,22
8/2/2015,21,8,23
8/3/2015,23,6,26
8/4/2015,20,6,23
8/5/2015,16,6,20
8/6/2015,22,5,25
8/7/2015,20,8,24
8/8/2015,23,9,26
8/9/2015,23,7,28
8/10/2015,22,7,28
8/11/2015,24,7,28
8/12/2015,22,7,30
8/13/2015,23,7,28
8/14/2015,21,8,25
8/15/2015,16,5,18
8/16/2015,16,4,20
8/17/2015,14,6,17
8/18/2015,17,8,21
8/19/2015,20,7,23
8/20/2015,17,8,23
8/21/2015,20,8,23
8/22/2015,17,8,21
8/23/2015,20,7,23
8/24/2015,15,7,20
8/25/2015,16,6,18
8/26/2015,17,5,20
8/27/2015,22,5,25
8/28/2015,22,7,26
8/29/2015,23,7,29
8/30/2015,22,8,25
8/31/2015,22,6,25
9/1/2014,17,5,22
9/2/2014,15,6,20
9/3/2014,18,9,22
9/4/2014,16,7,20
9/5/2014,16,8,20
9/6/2014,16,6,18
9/7/2014,17,6,18
9/8/2014,16,7,20
9/9/2014,13,4,15
9/10/2014,14,4,16
9/11/2014,14,5,20
9/12/2014,13,4,22
9/13/2014,14,5,20
9/14/2014,13,6,20
9/15/2014,18,7,22
9/16/2014,16,5,20
9/17/2014,20,6,26
9/18/2014,18,8,23
9/19/2014,16,6,21
9/20/2014,17,6,23
9/21/2014,18,8,24
9/22/2014,20,7,24
9/23/2014,17,6,20
9/24/2014,23,6,25
9/25/2014,17,7,21
9/26/2014,22,7,25
9/27/2014,16,6,22
9/28/2014,18,8,22
9/29/2014,21,6,24
9/30/2014,15,5,20
10/1/2014,16,6,23
10/2/2014,13,4,15
10/3/2014,13,4,21
10/4/2014,14,4,17
10/5/2014,14,3,15
10/6/2014,12,3,14
10/7/2014,14,4,16
10/8/2014,15,4,18
10/9/2014,14,5,15
10/10/2014,13,5,15
10/11/2014,14,4,16
10/12/2014,15,5,21
10/13/2014,18,5,22
10/14/2014,23,11,35
10/15/2014,18,8,28
10/16/2014,15,4,18
10/17/2014,15,6,20
10/18/2014,17,5,22
10/19/2014,18,5,22
10/20/2014,24,6,29
10/21/2014,20,5,23
10/22/2014,13,5,16
10/23/2014,14,4,20
10/24/2014,20,6,29
10/25/2014,16,7,22
10/26/2014,21,7,25
10/27/2014,17,5,21
10/28/2014,15,4,17
10/29/2014,8,2,10
10/30/2014,16,5,21
10/31/2014,15,5,20
11/1/2014,18,5,22
11/2/2014,18,5,21
11/3/2014,14,4,17
11/4/2014,13,3,15
11/5/2014,9,2,9
11/6/2014,17,3,17
11/7/2014,10,3,14
11/8/2014,8,1,10
11/9/2014,14,2,16
11/10/2014,15,5,20
11/11/2014,18,7,22
11/12/2014,15,4,17
11/13/2014,14,7,18
11/14/2014,14,4,17
11/15/2014,17,4,18
11/16/2014,14,3,17
11/17/2014,8,1,12
11/18/2014,12,2,13
11/19/2014,21,8,28
11/20/2014,16,4,21
11/21/2014,13,3,14
11/22/2014,18,9,24
11/23/2014,13,5,15
11/24/2014,10,3,13
11/25/2014,7,2,9
11/26/2014,10,1,12
11/27/2014,6,1,8
11/28/2014,14,5,16
11/29/2014,17,7,21
11/30/2014,9,6,
12/1/2014,16,3,20
12/2/2014,18,6,23
12/3/2014,25,12,33
12/4/2014,10,4,13
12/5/2014,17,8,22
12/6/2014,12,4,14
12/7/2014,13,2,15
12/8/2014,13,4,15
12/9/2014,12,3,15
12/10/2014,23,9,29
12/11/2014,32,12,44
12/12/2014,10,4,15
12/13/2014,9,2,12
12/14/2014,13,5,17
12/15/2014,28,12,37
12/16/2014,20,8,25
12/17/2014,17,7,22
12/18/2014,20,8,25
12/19/2014,20,9,25
12/20/2014,10,2,13
12/21/2014,16,6,18
12/22/2014,10,5,14
12/23/2014,13,3,16
12/24/2014,29,7,38
12/25/2014,22,12,29
12/26/2014,14,6,21
12/27/2014,8,2,10
12/28/2014,8,2,12
12/29/2014,15,4,18
12/30/2014,31,13,39
12/31/2014,20,6,26
1/1/2015,8,3,10
1/2/2015,9,2,10
1/3/2015,8,2,10
1/4/2015,10,2,15
1/5/2015,9,1,10
1/6/2015,6,1,8
1/7/2015,7,1,8
1/8/2015,7,1,10
1/9/2015,9,2,10
1/10/2015,9,2,10
1/11/2015,12,3,14
1/12/2015,9,3,13
1/13/2015,16,4,20
1/14/2015,10,2,12
1/15/2015,13,3,15
1/16/2015,12,4,14
1/17/2015,12,1,14
1/18/2015,14,2,15
1/19/2015,12,4,15
1/20/2015,9,4,
1/21/2015,17,4,22
1/22/2015,12,3,16
1/23/2015,14,4,21
1/24/2015,17,3,22
1/25/2015,8,2,10
1/26/2015,8,2,12
1/27/2015,24,7,35
1/28/2015,14,4,17
1/29/2015,10,2,13
1/30/2015,14,4,16
1/31/2015,22,5,29
2/1/2015,14,2,17
2/2/2015,10,2,10
2/3/2015,9,2,13
2/4/2015,14,4,18
2/5/2015,22,9,29
2/6/2015,31,16,41
2/7/2015,22,8,28
2/8/2015,28,13,37
2/9/2015,18,5,23
2/10/2015,15,4,18
2/11/2015,7,2,10
2/12/2015,10,2,15
2/13/2015,9,2,12
2/14/2015,9,2,12
2/15/2015,10,2,13
2/16/2015,13,4,15
2/17/2015,12,5,14
2/18/2015,12,4,13
2/19/2015,14,3,17
2/20/2015,12,4,14
2/21/2015,17,3,20
2/22/2015,17,7,32
2/23/2015,20,9,25
2/24/2015,14,4,18
2/25/2015,17,5,22
2/26/2015,20,6,23
2/27/2015,22,10,26
2/28/2015,18,4,21
3/1/2015,17,4,21
3/2/2015,14,4,18
3/3/2015,14,5,17
3/4/2015,9,4,
3/5/2015,13,4,
3/6/2015,12,3,
3/7/2015,12,4,14
3/8/2015,14,4,16
3/9/2015,9,3,13
3/10/2015,20,4,23
3/11/2015,16,7,21
3/12/2015,14,5,17
3/13/2015,14,3,17
3/14/2015,15,4,21
3/15/2015,23,8,25
3/16/2015,18,5,22
3/17/2015,20,8,24
3/18/2015,16,5,22
3/19/2015,16,5,20
3/20/2015,17,5,20
3/21/2015,15,5,18
3/22/2015,18,7,23
3/23/2015,21,8,25
3/24/2015,16,8,22
3/25/2015,20,6,25
3/26/2015,13,3,15
3/27/2015,20,6,23
3/28/2015,17,6,29
3/29/2015,15,4,17
3/30/2015,21,6,23
3/31/2015,23,9,30
4/1/2015,23,7,28
4/2/2015,21,7,24
4/3/2015,22,7,26
4/4/2015,24,8,30
4/5/2015,18,8,24
4/6/2015,18,8,23
4/7/2015,21,9,28
4/8/2015,17,7,22
4/9/2015,20,5,24
4/10/2015,16,6,20
4/11/2015,22,7,26
4/12/2015,16,4,23
4/13/2015,22,9,28
4/14/2015,22,11,28
4/15/2015,20,10,25
4/16/2015,18,7,22
4/17/2015,17,6,22
4/18/2015,16,5,18
4/19/2015,15,6,20
4/20/2015,14,6,18
4/21/2015,14,7,20
4/22/2015,22,8,25
4/23/2015,18,10,22
4/24/2015,23,10,36
4/25/2015,20,10,26
4/26/2015,21,8,24
4/27/2015,21,7,24
4/28/2015,16,6,21
4/29/2015,14,5,20
4/30/2015,15,4,18
5/1/2015,18,7,22
5/2/2015,16,7,20
5/3/2015,17,9,23
5/4/2015,22,7,28
5/5/2015,20,8,23
5/6/2015,20,9,24
5/7/2015,15,7,20
5/8/2015,16,9,22
5/9/2015,17,7,22
5/10/2015,17,5,21
5/11/2015,18,7,23
5/12/2015,24,10,30
5/13/2015,17,6,22
5/14/2015,20,5,24
5/15/2015,20,8,24
5/16/2015,20,8,24
5/17/2015,20,8,24
5/18/2015,12,7,13
5/19/2015,20,7,23
5/20/2015,21,8,25
5/21/2015,16,7,18
5/22/2015,23,8,26
5/23/2015,17,8,25
5/24/2015,21,9,26
5/25/2015,20,8,24
5/26/2015,18,8,23
5/27/2015,22,8,28
5/28/2015,17,8,22
5/29/2015,16,6,20
5/30/2015,18,6,22
5/31/2015,17,7,22
6/1/2015,18,10,23
6/2/2015,18,8,30
6/3/2015,18,7,24
6/4/2015,15,8,23
6/5/2015,17,9,20
6/6/2015,16,8,21
6/7/2015,14,5,17
6/8/2015,20,6,25
6/9/2015,20,5,24
6/10/2015,16,5,18
6/11/2015,18,6,22
6/12/2015,16,6,20
6/13/2015,17,6,21
6/14/2015,16,9,21
6/15/2015,16,6,21
6/16/2015,13,5,
6/17/2015,15,6,20
6/18/2015,15,6,22
6/19/2015,20,7,23
6/20/2015,14,6,17
6/21/2015,18,8,23
6/22/2015,17,7,21
6/23/2015,20,7,31
6/24/2015,15,5,18
6/25/2015,15,6,25
6/26/2015,16,6,22
6/27/2015,16,9,21
6/28/2015,16,8,21
6/29/2015,15,8,18
6/30/2015,13,5,16
7/1/2015,17,7,22
7/2/2015,13,7,16
7/3/2015,18,7,22
7/4/2015,16,7,21
7/5/2015,18,10,21
7/6/2015,22,9,26
7/7/2015,22,9,28
7/8/2015,20,8,33
7/9/2015,17,8,22
7/10/2015,17,7,21
7/11/2015,24,7,28
7/12/2015,23,9,28
7/13/2015,22,9,29
7/14/2015,23,8,26
7/15/2015,16,9,20
7/16/2015,20,9,24
7/17/2015,16,7,20
7/18/2015,20,7,23
7/19/2015,20,6,22
7/20/2015,21,8,26
7/21/2015,17,7,21
7/22/2015,21,10,25
7/23/2015,18,8,23
7/24/2015,21,7,24
7/25/2015,18,8,23
7/26/2015,21,6,25
7/27/2015,23,7,28
7/28/2015,18,6,23
7/29/2015,17,6,22
7/30/2015,14,6,17
7/31/2015,17,7,21
8/1/2015,16,7,21
8/2/2015,18,8,22
8/3/2015,21,9,24
8/4/2015,18,8,23
8/5/2015,14,5,22
8/6/2015,21,5,26
8/7/2015,17,8,24
8/8/2015,20,7,24
8/9/2015,18,6,22
8/10/2015,21,8,26
8/11/2015,21,7,26
8/12/2015,21,7,26
8/13/2015,21,9,25
8/14/2015,17,8,22
8/15/2015,20,6,22
8/16/2015,17,5,20
8/17/2015,15,6,20
8/18/2015,14,8,24
8/19/2015,17,7,21
8/20/2015,15,6,18
8/21/2015,16,8,21
8/22/2015,16,7,20
8/23/2015,16,7,20
8/24/2015,15,7,18
8/25/2015,16,6,20
8/26/2015,14,5,17
8/27/2015,23,6,29
8/28/2015,25,7,30
8/29/2015,21,9,26
8/30/2015,22,10,29
8/31/2015,20,6,24