date,min_temperature_f,min_dew_point_f,min_humidity
8/29/2013,61,56,57
8/30/2013,60,56,50
8/31/2013,57,54,57
9/1/2013,58,53,49
9/2/2013,62,58,61
9/3/2013,60,51,46
9/4/2013,61,56,53
9/5/2013,60,54,57
9/6/2013,56,45,29
9/7/2013,58,46,31
9/8/2013,56,52,53
9/9/2013,55,52,50
9/10/2013,57,54,53
9/11/2013,62,54,57
9/12/2013,59,55,61
9/13/2013,57,54,67
9/14/2013,57,53,67
9/15/2013,58,52,53
9/16/2013,59,53,57
9/17/2013,57,50,58
9/18/2013,54,47,41
9/19/2013,54,46,38
9/20/2013,56,50,53
9/21/2013,58,53,59
9/22/2013,55,49,47
9/23/2013,57,50,50
9/24/2013,58,50,53
9/25/2013,56,45,45
9/26/2013,53,38,33
9/27/2013,54,34,25
9/28/2013,53,38,35
9/29/2013,57,53,53
9/30/2013,59,43,51
10/1/2013,56,46,45
10/2/2013,54,44,45
10/3/2013,54,35,28
10/4/2013,61,28,22
10/5/2013,57,24,15
10/6/2013,56,27,13
10/7/2013,56,31,19
10/8/2013,52,44,41
10/9/2013,52,39,37
10/10/2013,53,43,45
10/11/2013,51,45,56
10/12/2013,47,42,53
10/13/2013,51,40,31
10/14/2013,51,36,27
10/15/2013,53,31,18
10/16/2013,53,32,19
10/17/2013,54,35,39
10/18/2013,51,46,48
10/19/2013,49,45,44
10/20/2013,49,45,60
10/21/2013,48,45,67
10/22/2013,47,46,64
10/23/2013,49,46,72
10/24/2013,53,45,62
10/25/2013,50,45,52
10/26/2013,49,43,44
10/27/2013,50,45,62
10/28/2013,52,44,55
10/29/2013,52,42,48
10/30/2013,48,42,48
10/31/2013,48,38,37
11/1/2013,51,41,37
11/2/2013,50,41,56
11/3/2013,47,34,34
11/4/2013,44,32,31
11/5/2013,50,29,22
11/6/2013,51,36,31
11/7/2013,56,40,42
11/8/2013,50,40,43
11/9/2013,48,40,48
11/10/2013,51,45,60
11/11/2013,54,46,60
11/12/2013,57,46,47
11/13/2013,52,47,60
11/14/2013,51,45,71
11/15/2013,50,41,48
11/16/2013,49,42,51
11/17/2013,49,42,48
11/18/2013,46,40,55
11/19/2013,54,45,66
11/20/2013,51,47,86
11/21/2013,50,32,35
11/22/2013,57,25,19
11/23/2013,50,31,28
11/24/2013,45,39,53
11/25/2013,44,38,53
11/26/2013,47,39,43
11/27/2013,48,41,52
11/28/2013,49,37,44
11/29/2013,46,38,63
11/30/2013,45,41,65
12/1/2013,46,41,46
12/2/2013,46,44,64
12/3/2013,46,25,45
12/4/2013,39,21,30
12/5/2013,35,18,26
12/6/2013,37,31,50
12/7/2013,38,24,36
12/8/2013,36,17,36
12/9/2013,36,18,28
12/10/2013,34,27,42
12/11/2013,38,27,35
12/12/2013,38,29,48
12/13/2013,40,38,63
12/14/2013,39,33,36
12/15/2013,40,34,43
12/16/2013,43,33,31
12/17/2013,46,36,43
12/18/2013,44,38,66
12/19/2013,47,23,27
12/20/2013,40,21,29
12/21/2013,47,43,62
12/22/2013,43,37,39
12/23/2013,44,37,47
12/24/2013,45,38,51
12/25/2013,42,36,43
12/26/2013,43,38,43
12/27/2013,43,37,51
12/28/2013,40,29,32
12/29/2013,42,16,14
12/30/2013,42,33,43
12/31/2013,41,35,53
1/1/2014,41,36,55
1/2/2014,43,34,36
1/3/2014,44,34,37
1/4/2014,43,33,36
1/5/2014,44,27,24
1/6/2014,44,32,51
1/7/2014,46,39,53
1/8/2014,52,46,72
1/9/2014,52,43,57
1/10/2014,48,43,60
1/11/2014,46,42,72
1/12/2014,46,36,47
1/13/2014,42,32,28
1/14/2014,44,26,19
1/15/2014,48,25,17
1/16/2014,46,27,19
1/17/2014,45,35,34
1/18/2014,43,32,36
1/19/2014,43,34,32
1/20/2014,43,34,43
1/21/2014,43,25,20
1/22/2014,44,31,51
1/23/2014,44,27,21
1/24/2014,46,32,32
1/25/2014,48,34,37
1/26/2014,48,33,46
1/27/2014,48,43,62
1/28/2014,53,47,72
1/29/2014,54,50,84
1/30/2014,52,46,67
1/31/2014,47,36,39
2/1/2014,42,36,43
2/2/2014,47,36,61
2/3/2014,46,39,55
2/4/2014,44,36,50
2/5/2014,43,38,59
2/6/2014,48,42,80
2/7/2014,51,49,83
2/8/2014,53,49,83
2/9/2014,55,52,83
2/10/2014,51,50,86
2/11/2014,49,48,83
2/12/2014,46,45,83
2/13/2014,50,50,73
2/14/2014,56,50,60
2/15/2014,52,49,72
2/16/2014,50,40,43
2/17/2014,46,42,51
2/18/2014,48,45,67
2/19/2014,51,43,51
2/20/2014,45,41,43
2/21/2014,47,40,35
2/22/2014,46,43,63
2/23/2014,46,44,69
2/24/2014,45,41,40
2/25/2014,48,45,67
2/26/2014,54,47,67
2/27/2014,55,51,67
2/28/2014,55,43,43
8/29/2013,62,57,48
8/30/2013,62,54,35
8/31/2013,59,55,50
9/1/2013,62,55,42
9/2/2013,64,57,57
9/3/2013,59,48,36
9/4/2013,60,50,41
9/5/2013,62,50,41
9/6/2013,57,45,24
9/7/2013,64,46,23
9/8/2013,59,54,44
9/9/2013,59,48,25
9/10/2013,62,55,50
9/11/2013,59,54,53
9/12/2013,60,55,57
9/13/2013,59,52,50
9/14/2013,57,54,68
9/15/2013,59,54,47
9/16/2013,59,54,47
9/17/2013,60,50,49
9/18/2013,55,41,23
9/19/2013,53,45,23
9/20/2013,59,46,53
9/21/2013,59,55,68
9/22/2013,55,48,43
9/23/2013,55,50,39
9/24/2013,59,46,43
9/25/2013,55,41,42
9/26/2013,55,32,22
9/27/2013,51,28,17
9/28/2013,53,36,20
9/29/2013,55,50,50
9/30/2013,60,41,45
10/1/2013,57,41,41
10/2/2013,55,39,37
10/3/2013,55,32,25
10/4/2013,59,32,21
10/5/2013,55,25,12
10/6/2013,53,23,11
10/7/2013,55,32,16
10/8/2013,51,39,35
10/9/2013,50,37,37
10/10/2013,50,41,49
10/11/2013,51,45,56
10/12/2013,46,45,46
10/13/2013,50,37,29
10/14/2013,50,32,19
10/15/2013,50,30,17
10/16/2013,53,32,17
10/17/2013,53,27,15
10/18/2013,50,37,46
10/19/2013,50,45,32
10/20/2013,48,45,52
10/21/2013,48,45,63
10/22/2013,48,45,59
10/23/2013,50,32,47
10/24/2013,50,46,67
10/25/2013,48,45,56
10/26/2013,48,46,41
10/27/2013,46,43,67
10/28/2013,53,41,51
10/29/2013,50,43,52
10/30/2013,44,39,43
10/31/2013,46,39,33
11/1/2013,48,39,31
11/2/2013,48,41,52
11/3/2013,46,23,22
11/4/2013,44,27,24
11/5/2013,46,32,25
11/6/2013,48,37,31
11/7/2013,53,39,42
11/8/2013,50,39,41
11/9/2013,46,41,43
11/10/2013,46,45,63
11/11/2013,51,48,63
11/12/2013,55,45,46
11/13/2013,50,46,38
11/14/2013,50,41,55
11/15/2013,46,34,32
11/16/2013,46,41,48
11/17/2013,46,41,55
11/18/2013,44,41,59
11/19/2013,50,45,72
11/20/2013,50,50,82
11/21/2013,50,28,32
11/22/2013,48,16,19
11/23/2013,44,32,34
11/24/2013,44,39,45
11/25/2013,41,39,48
11/26/2013,46,41,51
11/27/2013,46,41,52
11/28/2013,48,41,40
11/29/2013,44,39,48
11/30/2013,44,41,63
12/1/2013,44,41,37
12/2/2013,44,41,56
12/3/2013,44,28,44
12/4/2013,37,23,37
12/5/2013,32,14,24
12/6/2013,33,28,54
12/7/2013,37,23,37
12/8/2013,32,21,43
12/9/2013,32,14,25
12/10/2013,32,25,35
12/11/2013,33,25,33
12/12/2013,33,28,47
12/13/2013,35,32,62
12/14/2013,37,32,36
12/15/2013,35,32,42
12/16/2013,39,32,42
12/17/2013,44,37,51
12/18/2013,42,37,67
12/19/2013,44,19,28
12/20/2013,37,18,23
12/21/2013,39,32,55
12/22/2013,39,36,34
12/23/2013,41,37,42
12/24/2013,41,36,45
12/25/2013,39,36,40
12/26/2013,39,36,42
12/27/2013,39,36,58
12/28/2013,37,27,24
12/29/2013,41,14,15
12/30/2013,39,30,44
12/31/2013,39,36,51
1/1/2014,39,36,58
1/2/2014,41,36,42
1/3/2014,42,36,54
1/4/2014,41,27,38
1/5/2014,39,23,32
1/6/2014,41,32,48
1/7/2014,46,39,55
1/8/2014,46,45,72
1/9/2014,46,39,58
1/10/2014,44,39,63
1/11/2014,44,41,72
1/12/2014,41,36,44
1/13/2014,41,32,30
1/14/2014,41,27,20
1/15/2014,44,28,25
1/16/2014,42,30,25
1/17/2014,42,32,45
1/18/2014,41,32,48
1/19/2014,39,32,32
1/20/2014,41,34,39
1/21/2014,41,30,26
1/22/2014,41,30,45
1/23/2014,42,28,24
1/24/2014,41,36,55
1/25/2014,46,37,35
1/26/2014,48,34,28
1/27/2014,48,46,72
1/28/2014,50,46,68
1/29/2014,55,46,72
1/30/2014,51,43,55
1/31/2014,46,27,29
2/1/2014,39,32,41
2/2/2014,44,32,57
2/3/2014,41,36,51
2/4/2014,39,34,50
2/5/2014,39,36,54
2/6/2014,46,45,82
2/7/2014,50,48,72
2/8/2014,53,50,77
2/9/2014,57,55,88
2/10/2014,50,48,72
2/11/2014,46,45,72
2/12/2014,46,45,77
2/13/2014,50,48,68
2/14/2014,50,48,63
2/15/2014,48,48,72
2/16/2014,48,25,24
2/17/2014,42,39,48
2/18/2014,44,43,52
2/19/2014,48,41,45
2/20/2014,46,32,32
2/21/2014,46,36,30
2/22/2014,44,41,40
2/23/2014,46,43,52
2/24/2014,46,41,35
2/25/2014,48,45,59
2/26/2014,53,46,67
2/27/2014,55,45,49
2/28/2014,53,45,52
8/29/2013,64,60,54
8/30/2013,64,57,43
8/31/2013,62,57,54
9/1/2013,62,55,45
9/2/2013,65,60,64
9/3/2013,61,51,39
9/4/2013,60,54,45
9/5/2013,59,51,39
9/6/2013,57,51,29
9/7/2013,62,45,19
9/8/2013,62,54,39
9/9/2013,62,54,39
9/10/2013,62,54,50
9/11/2013,59,53,50
9/12/2013,61,55,61
9/13/2013,60,55,61
9/14/2013,59,53,66
9/15/2013,58,52,53
9/16/2013,61,52,42
9/17/2013,58,46,38
9/18/2013,56,48,33
9/19/2013,54,45,30
9/20/2013,55,50,54
9/21/2013,58,53,57
9/22/2013,53,48,47
9/23/2013,55,50,39
9/24/2013,59,45,33
9/25/2013,56,41,37
9/26/2013,53,33,21
9/27/2013,51,34,19
9/28/2013,52,36,21
9/29/2013,55,51,50
9/30/2013,58,41,48
10/1/2013,53,41,44
10/2/2013,53,42,39
10/3/2013,51,31,22
10/4/2013,58,27,14
10/5/2013,51,28,14
10/6/2013,52,36,20
10/7/2013,53,29,16
10/8/2013,50,42,35
10/9/2013,50,41,39
10/10/2013,51,41,44
10/11/2013,48,45,60
10/12/2013,50,40,46
10/13/2013,48,41,33
10/14/2013,47,36,22
10/15/2013,50,31,17
10/16/2013,49,31,18
10/17/2013,50,28,15
10/18/2013,50,42,35
10/19/2013,50,44,33
10/20/2013,51,46,53
10/21/2013,53,50,58
10/22/2013,52,48,58
10/23/2013,53,49,67
10/24/2013,49,46,64
10/25/2013,48,45,52
10/26/2013,48,45,38
10/27/2013,50,44,52
10/28/2013,53,42,48
10/29/2013,48,42,52
10/30/2013,44,41,42
10/31/2013,45,41,33
11/1/2013,47,36,25
11/2/2013,47,41,56
11/3/2013,47,26,24
11/4/2013,45,26,22
11/5/2013,48,28,20
11/6/2013,47,31,26
11/7/2013,50,38,31
11/8/2013,49,46,49
11/9/2013,46,43,40
11/10/2013,45,43,56
11/11/2013,53,46,52
11/12/2013,53,44,40
11/13/2013,49,43,46
11/14/2013,50,46,72
11/15/2013,46,38,37
11/16/2013,44,38,48
11/17/2013,43,41,51
11/18/2013,44,42,55
11/19/2013,49,45,60
11/20/2013,53,51,73
11/21/2013,49,28,29
11/22/2013,47,14,14
11/23/2013,41,30,28
11/24/2013,41,37,37
11/25/2013,41,37,44
11/26/2013,43,39,49
11/27/2013,44,40,51
11/28/2013,46,41,40
11/29/2013,43,39,37
11/30/2013,43,38,42
12/1/2013,41,39,44
12/2/2013,42,40,60
12/3/2013,43,31,43
12/4/2013,36,18,26
12/5/2013,29,14,22
12/6/2013,33,22,38
12/7/2013,34,24,39
12/8/2013,32,19,37
12/9/2013,29,13,26
12/10/2013,29,22,38
12/11/2013,32,26,35
12/12/2013,33,27,33
12/13/2013,35,31,44
12/14/2013,34,31,36
12/15/2013,35,31,39
12/16/2013,38,33,29
12/17/2013,41,34,39
12/18/2013,43,39,57
12/19/2013,44,22,36
12/20/2013,38,4,10
12/21/2013,37,26,53
12/22/2013,37,33,27
12/23/2013,40,35,46
12/24/2013,40,35,31
12/25/2013,38,35,37
12/26/2013,37,34,34
12/27/2013,39,34,51
12/28/2013,36,30,28
12/29/2013,41,19,16
12/30/2013,37,28,27
12/31/2013,39,35,59
1/1/2014,36,32,40
1/2/2014,39,34,34
1/3/2014,42,34,39
1/4/2014,40,26,25
1/5/2014,36,25,26
1/6/2014,40,31,42
1/7/2014,43,36,43
1/8/2014,48,43,72
1/9/2014,46,40,51
1/10/2014,41,37,52
1/11/2014,44,40,67
1/12/2014,42,36,42
1/13/2014,45,31,26
1/14/2014,44,19,14
1/15/2014,43,31,22
1/16/2014,41,28,22
1/17/2014,41,31,34
1/18/2014,39,29,22
1/19/2014,38,29,26
1/20/2014,39,29,20
1/21/2014,40,30,36
1/22/2014,40,19,13
1/23/2014,41,29,24
1/24/2014,42,34,36
1/25/2014,45,31,23
1/26/2014,46,32,26
1/27/2014,47,46,60
1/28/2014,48,46,63
1/29/2014,56,46,63
1/30/2014,53,39,46
1/31/2014,45,26,27
2/1/2014,38,27,28
2/2/2014,42,35,63
2/3/2014,42,35,47
2/4/2014,38,34,51
2/5/2014,37,32,47
2/6/2014,47,44,71
2/7/2014,50,45,72
2/8/2014,54,49,67
2/9/2014,59,52,63
2/10/2014,52,50,72
2/11/2014,49,46,62
2/12/2014,49,46,60
2/13/2014,49,46,63
2/14/2014,53,49,60
2/15/2014,50,47,63
2/16/2014,50,30,31
2/17/2014,42,37,47
2/18/2014,43,40,44
2/19/2014,50,42,44
2/20/2014,45,34,31
2/21/2014,43,37,29
2/22/2014,44,34,26
2/23/2014,49,45,45
2/24/2014,45,41,35
2/25/2014,47,43,56
2/26/2014,54,46,67
2/27/2014,54,44,48
2/28/2014,54,46,52
8/29/2013,64,58,55
8/30/2013,63,57,47
8/31/2013,59,52,55
9/1/2013,61,54,47
9/2/2013,66,58,58
9/3/2013,58,52,44
9/4/2013,56,49,43
9/5/2013,56,50,41
9/6/2013,54,47,31
9/7/2013,58,48,26
9/8/2013,60,53,46
9/9/2013,59,52,44
9/10/2013,62,54,52
9/11/2013,56,50,55
9/12/2013,61,53,60
9/13/2013,61,54,62
9/14/2013,57,50,62
9/15/2013,56,49,52
9/16/2013,60,51,45
9/17/2013,56,49,43
9/18/2013,52,46,36
9/19/2013,52,45,37
9/20/2013,52,46,54
9/21/2013,56,50,61
9/22/2013,50,46,46
9/23/2013,52,46,44
9/24/2013,32,15,41
9/25/2013,55,44,42
9/26/2013,47,39,29
9/27/2013,46,38,28
9/28/2013,47,37,28
9/29/2013,53,46,52
9/30/2013,57,44,55
10/1/2013,50,42,48
10/2/2013,50,42,41
10/3/2013,46,37,30
10/4/2013,54,34,21
10/5/2013,47,36,20
10/6/2013,47,35,25
10/7/2013,50,38,23
10/8/2013,48,40,39
10/9/2013,49,41,43
10/10/2013,48,39,46
10/11/2013,46,40,60
10/12/2013,47,41,46
10/13/2013,45,39,38
10/14/2013,44,37,29
10/15/2013,45,36,26
10/16/2013,46,35,27
10/17/2013,46,36,24
10/18/2013,46,37,38
10/19/2013,46,39,40
10/20/2013,49,42,53
10/21/2013,51,44,58
10/22/2013,49,43,60
10/23/2013,53,48,65
10/24/2013,48,42,65
10/25/2013,44,39,55
10/26/2013,44,39,48
10/27/2013,47,41,57
10/28/2013,52,43,47
10/29/2013,48,40,57
10/30/2013,42,36,49
10/31/2013,43,36,41
11/1/2013,43,37,36
11/2/2013,44,37,58
11/3/2013,42,35,34
11/4/2013,40,32,32
11/5/2013,42,32,30
11/6/2013,43,34,33
11/7/2013,47,38,35
11/8/2013,46,40,54
11/9/2013,44,38,50
11/10/2013,44,38,61
11/11/2013,52,46,56
11/12/2013,50,42,48
11/13/2013,46,40,48
11/14/2013,50,44,69
11/15/2013,43,38,43
11/16/2013,43,36,52
11/17/2013,42,37,57
11/18/2013,42,37,62
11/19/2013,48,42,61
11/20/2013,52,47,78
11/21/2013,46,32,36
11/22/2013,40,28,26
11/23/2013,40,32,36
11/24/2013,39,32,44
11/25/2013,38,32,48
11/26/2013,42,35,54
11/27/2013,41,35,54
11/28/2013,45,39,46
11/29/2013,41,35,45
11/30/2013,41,34,54
12/1/2013,41,35,52
12/2/2013,40,34,66
12/3/2013,39,30,49
12/4/2013,32,24,36
12/5/2013,28,20,32
12/6/2013,34,22,45
12/7/2013,34,25,42
12/8/2013,31,21,42
12/9/2013,29,18,35
12/10/2013,28,20,45
12/11/2013,31,23,42
12/12/2013,31,23,42
12/13/2013,34,26,49
12/14/2013,34,27,46
12/15/2013,34,27,47
12/16/2013,37,30,43
12/17/2013,39,31,44
12/18/2013,43,35,57
12/19/2013,41,28,45
12/20/2013,34,21,22
12/21/2013,37,26,54
12/22/2013,38,32,40
12/23/2013,39,31,50
12/24/2013,38,32,43
12/25/2013,36,29,48
12/26/2013,36,29,43
12/27/2013,36,29,54
12/28/2013,35,29,38
12/29/2013,37,27,28
12/30/2013,35,26,38
12/31/2013,38,29,54
1/1/2014,34,28,53
1/2/2014,37,30,41
1/3/2014,39,31,44
1/4/2014,39,28,40
1/5/2014,34,24,37
1/6/2014,38,29,48
1/7/2014,43,35,52
1/8/2014,45,38,71
1/9/2014,44,38,58
1/10/2014,40,34,57
1/11/2014,43,37,69
1/12/2014,41,34,53
1/13/2014,41,32,38
1/14/2014,41,29,25
1/15/2014,40,29,33
1/16/2014,38,28,33
1/17/2014,37,27,38
1/18/2014,36,28,34
1/19/2014,35,26,33
1/20/2014,36,28,32
1/21/2014,36,27,34
1/22/2014,36,26,26
1/23/2014,38,30,34
1/24/2014,39,30,45
1/25/2014,43,33,31
1/26/2014,44,32,37
1/27/2014,47,40,58
1/28/2014,48,42,66
1/29/2014,56,48,69
1/30/2014,52,42,51
1/31/2014,42,33,37
2/1/2014,36,29,38
2/2/2014,43,34,64
2/3/2014,41,33,52
2/4/2014,38,31,55
2/5/2014,36,29,55
2/6/2014,46,41,70
2/7/2014,49,44,76
2/8/2014,54,48,69
2/9/2014,58,51,62
2/10/2014,51,46,70
2/11/2014,48,42,64
2/12/2014,47,42,62
2/13/2014,48,43,62
2/14/2014,50,44,64
2/15/2014,47,42,71
2/16/2014,47,36,40
2/17/2014,40,33,52
2/18/2014,42,36,49
2/19/2014,48,39,45
2/20/2014,42,35,36
2/21/2014,41,34,33
2/22/2014,43,35,39
2/23/2014,46,40,45
2/24/2014,42,35,36
2/25/2014,47,40,58
2/26/2014,53,45,69
2/27/2014,52,45,49
2/28/2014,53,45,57
8/29/2013,63,59,51
8/30/2013,63,55,37
8/31/2013,62,54,42
9/1/2013,62,51,39
9/2/2013,66,59,54
9/3/2013,60,46,32
9/4/2013,59,51,40
9/5/2013,58,52,40
9/6/2013,54,48,29
9/7/2013,61,43,17
9/8/2013,60,48,27
9/9/2013,62,52,30
9/10/2013,58,53,42
9/11/2013,59,53,46
9/12/2013,62,57,57
9/13/2013,59,55,57
9/14/2013,59,54,57
9/15/2013,58,52,45
9/16/2013,62,53,45
9/17/2013,56,46,36
9/18/2013,55,43,24
9/19/2013,54,37,18
9/20/2013,56,49,50
9/21/2013,57,53,57
9/22/2013,53,47,44
9/23/2013,54,51,39
9/24/2013,58,46,38
9/25/2013,55,41,37
9/26/2013,51,31,22
9/27/2013,49,33,20
9/28/2013,51,30,16
9/29/2013,54,53,46
9/30/2013,57,42,48
10/1/2013,53,40,38
10/2/2013,52,43,31
10/3/2013,51,31,20
10/4/2013,58,23,13
10/5/2013,49,24,11
10/6/2013,51,29,14
10/7/2013,54,24,13
10/8/2013,51,39,29
10/9/2013,50,41,42
10/10/2013,50,37,31
10/11/2013,48,46,52
10/12/2013,46,42,40
10/13/2013,47,41,34
10/14/2013,48,35,22
10/15/2013,47,30,19
10/16/2013,50,33,18
10/17/2013,49,30,16
10/18/2013,49,34,21
10/19/2013,49,44,30
10/20/2013,50,43,33
10/21/2013,51,49,47
10/22/2013,51,49,44
10/23/2013,52,51,63
10/24/2013,50,47,67
10/25/2013,47,46,45
10/26/2013,46,44,38
10/27/2013,50,45,55
10/28/2013,53,40,43
10/29/2013,49,44,52
10/30/2013,44,41,42
10/31/2013,44,40,31
11/1/2013,44,36,23
11/2/2013,45,39,40
11/3/2013,45,26,25
11/4/2013,40,26,22
11/5/2013,44,29,22
11/6/2013,46,32,22
11/7/2013,50,31,20
11/8/2013,46,43,44
11/9/2013,44,30,18
11/10/2013,45,45,52
11/11/2013,52,47,52
11/12/2013,53,43,35
11/13/2013,46,43,33
11/14/2013,49,46,67
11/15/2013,44,36,34
11/16/2013,40,37,39
11/17/2013,45,43,52
11/18/2013,44,42,51
11/19/2013,48,45,56
11/20/2013,53,51,78
11/21/2013,50,23,25
11/22/2013,47,15,12
11/23/2013,40,29,26
11/24/2013,41,36,34
11/25/2013,40,38,39
11/26/2013,43,39,43
11/27/2013,43,41,44
11/28/2013,45,40,37
11/29/2013,43,39,33
11/30/2013,41,38,44
12/1/2013,42,39,40
12/2/2013,42,40,60
12/3/2013,42,21,40
12/4/2013,34,15,24
12/5/2013,29,14,22
12/6/2013,30,20,35
12/7/2013,35,25,39
12/8/2013,31,14,31
12/9/2013,25,13,21
12/10/2013,28,22,32
12/11/2013,31,25,30
12/12/2013,29,26,33
12/13/2013,34,30,40
12/14/2013,34,31,36
12/15/2013,31,31,36
12/16/2013,37,30,28
12/17/2013,40,34,34
12/18/2013,44,38,42
12/19/2013,42,23,36
12/20/2013,35,2,9
12/21/2013,36,20,39
12/22/2013,37,33,29
12/23/2013,38,35,39
12/24/2013,38,35,31
12/25/2013,37,31,32
12/26/2013,37,33,29
12/27/2013,36,32,44
12/28/2013,35,28,26
12/29/2013,36,19,18
12/30/2013,34,27,24
12/31/2013,37,29,44
1/1/2014,35,32,34
1/2/2014,38,32,31
1/3/2014,40,32,30
1/4/2014,38,29,32
1/5/2014,35,22,19
1/6/2014,38,30,36
1/7/2014,44,35,36
1/8/2014,50,43,67
1/9/2014,46,42,61
1/10/2014,41,37,52
1/11/2014,43,40,62
1/12/2014,43,35,44
1/13/2014,43,31,26
1/14/2014,37,13,9
1/15/2014,39,25,20
1/16/2014,39,25,18
1/17/2014,39,29,24
1/18/2014,37,28,22
1/19/2014,36,27,22
1/20/2014,38,27,22
1/21/2014,37,27,24
1/22/2014,38,21,15
1/23/2014,40,29,24
1/24/2014,40,34,40
1/25/2014,44,32,24
1/26/2014,45,29,22
1/27/2014,46,43,48
1/28/2014,48,45,52
1/29/2014,55,49,68
1/30/2014,51,41,51
1/31/2014,44,30,33
2/1/2014,37,21,22
2/2/2014,41,34,59
2/3/2014,39,33,46
2/4/2014,36,33,50
2/5/2014,36,32,43
2/6/2014,46,44,71
2/7/2014,47,46,83
2/8/2014,53,48,72
2/9/2014,57,52,67
2/10/2014,51,50,72
2/11/2014,49,46,60
2/12/2014,49,41,48
2/13/2014,49,46,59
2/14/2014,53,48,64
2/15/2014,48,46,67
2/16/2014,47,33,34
2/17/2014,39,36,42
2/18/2014,43,38,39
2/19/2014,49,40,43
2/20/2014,42,32,29
2/21/2014,42,32,24
2/22/2014,42,33,26
2/23/2014,45,40,35
2/24/2014,44,40,33
2/25/2014,44,43,52
2/26/2014,52,45,66
2/27/2014,52,44,48
2/28/2014,52,46,55
3/1/2014,54,44,48
3/2/2014,53,47,67
3/3/2014,50,47,64
3/4/2014,55,49,67
3/5/2014,54,48,52
3/6/2014,51,48,67
3/7/2014,48,43,44
3/8/2014,46,39,33
3/9/2014,55,48,57
3/10/2014,56,43,45
3/11/2014,47,25,19
3/12/2014,53,23,16
3/13/2014,46,33,27
3/14/2014,53,46,52
3/15/2014,47,41,33
3/16/2014,48,46,47
3/17/2014,49,43,42
3/18/2014,43,31,24
3/19/2014,45,34,27
3/20/2014,50,41,44
3/21/2014,48,44,52
3/22/2014,51,43,44
3/23/2014,48,44,52
3/24/2014,46,38,29
3/25/2014,45,42,62
3/26/2014,53,47,64
3/27/2014,56,43,44
3/28/2014,56,46,49
3/29/2014,53,45,64
3/30/2014,50,41,51
3/31/2014,48,42,66
4/1/2014,46,41,61
4/2/2014,45,39,46
4/3/2014,46,42,51
4/4/2014,50,43,55
4/5/2014,46,43,56
4/6/2014,49,45,49
4/7/2014,51,47,37
4/8/2014,56,50,46
4/9/2014,52,48,56
4/10/2014,51,47,53
4/11/2014,53,48,60
4/12/2014,54,45,60
4/13/2014,53,45,55
4/14/2014,50,48,56
4/15/2014,52,46,56
4/16/2014,50,45,44
4/17/2014,51,47,60
4/18/2014,51,45,56
4/19/2014,52,44,52
4/20/2014,50,44,33
4/21/2014,50,41,43
4/22/2014,52,36,37
4/23/2014,45,35,39
4/24/2014,51,47,56
4/25/2014,52,43,61
4/26/2014,44,39,44
4/27/2014,52,43,48
4/28/2014,47,43,40
4/29/2014,50,43,24
4/30/2014,57,42,25
5/1/2014,57,34,17
5/2/2014,53,50,49
5/3/2014,54,48,52
5/4/2014,57,49,52
5/5/2014,55,43,48
5/6/2014,52,41,44
5/7/2014,51,43,44
5/8/2014,54,45,62
5/9/2014,55,44,42
5/10/2014,51,38,34
5/11/2014,53,32,23
5/12/2014,50,38,23
5/13/2014,56,35,19
5/14/2014,59,38,18
5/15/2014,57,41,25
5/16/2014,55,49,47
5/17/2014,55,50,56
5/18/2014,56,46,47
5/19/2014,56,48,52
5/20/2014,55,47,47
5/21/2014,55,48,53
5/22/2014,54,48,55
5/23/2014,54,48,58
5/24/2014,55,48,56
5/25/2014,56,48,44
5/26/2014,51,47,53
5/27/2014,54,45,45
5/28/2014,49,36,30
5/29/2014,51,40,27
5/30/2014,53,47,56
5/31/2014,53,48,53
6/1/2014,51,48,49
6/2/2014,52,48,56
6/3/2014,52,48,52
6/4/2014,52,48,53
6/5/2014,52,48,58
6/6/2014,53,50,58
6/7/2014,56,50,55
6/8/2014,53,49,32
6/9/2014,58,53,53
6/10/2014,57,52,59
6/11/2014,58,51,53
6/12/2014,55,48,56
6/13/2014,55,48,47
6/14/2014,53,48,36
6/15/2014,54,48,52
6/16/2014,56,46,56
6/17/2014,50,43,35
6/18/2014,53,46,28
6/19/2014,52,48,53
6/20/2014,54,49,46
6/21/2014,53,48,56
6/22/2014,54,48,56
6/23/2014,55,47,51
6/24/2014,54,48,58
6/25/2014,57,53,68
6/26/2014,59,53,57
6/27/2014,57,53,66
6/28/2014,57,52,57
6/29/2014,54,50,37
6/30/2014,57,52,42
7/1/2014,56,53,53
7/2/2014,57,53,57
7/3/2014,54,52,55
7/4/2014,54,51,58
7/5/2014,53,51,53
7/6/2014,53,51,53
7/7/2014,54,52,59
7/8/2014,57,54,63
7/9/2014,57,54,61
7/10/2014,60,54,57
7/11/2014,61,52,53
7/12/2014,58,53,57
7/13/2014,58,53,61
7/14/2014,57,52,53
7/15/2014,59,55,56
7/16/2014,62,56,57
7/17/2014,63,55,57
7/18/2014,63,55,61
7/19/2014,62,55,57
7/20/2014,62,57,61
7/21/2014,63,56,57
7/22/2014,63,55,50
7/23/2014,63,56,57
7/24/2014,62,54,42
7/25/2014,60,45,22
7/26/2014,61,55,53
7/27/2014,61,56,50
7/28/2014,61,55,57
7/29/2014,60,55,50
7/30/2014,59,55,57
7/31/2014,59,55,57
8/1/2014,58,54,57
8/2/2014,60,54,67
8/3/2014,61,54,59
8/4/2014,61,54,57
8/5/2014,62,55,57
8/6/2014,60,55,54
8/7/2014,60,54,61
8/8/2014,58,52,53
8/9/2014,59,53,67
8/10/2014,60,54,57
8/11/2014,61,55,53
8/12/2014,61,53,53
8/13/2014,60,54,53
8/14/2014,59,55,57
8/15/2014,58,54,53
8/16/2014,60,55,61
8/17/2014,58,54,61
8/18/2014,60,55,68
8/19/2014,60,55,57
8/20/2014,62,55,57
8/21/2014,61,56,57
8/22/2014,62,55,57
8/23/2014,60,53,49
8/24/2014,59,54,53
8/25/2014,63,54,53
8/26/2014,62,53,49
8/27/2014,59,55,54
8/28/2014,60,55,57
8/29/2014,61,55,66
8/30/2014,59,56,54
8/31/2014,61,54,54
3/1/2014,53,48,56
3/2/2014,50,48,63
3/3/2014,48,46,67
3/4/2014,55,50,68
3/5/2014,55,46,41
3/6/2014,53,48,59
3/7/2014,50,43,43
3/8/2014,48,45,38
3/9/2014,57,45,46
3/10/2014,55,45,49
3/11/2014,50,28,27
3/12/2014,55,28,24
3/13/2014,50,27,17
3/14/2014,48,41,46
3/15/2014,48,41,28
3/16/2014,50,41,29
3/17/2014,53,41,43
3/18/2014,46,27,24
3/19/2014,46,32,28
3/20/2014,53,39,38
3/21/2014,46,39,52
3/22/2014,46,41,52
3/23/2014,48,43,46
3/24/2014,48,32,22
3/25/2014,44,32,47
3/26/2014,50,46,63
3/27/2014,53,41,45
3/28/2014,53,46,52
3/29/2014,51,46,72
3/30/2014,48,39,48
3/31/2014,44,41,67
4/1/2014,44,39,51
4/2/2014,44,39,48
4/3/2014,44,39,42
4/4/2014,50,41,55
4/5/2014,48,43,52
4/6/2014,48,45,34
4/7/2014,53,48,34
4/8/2014,57,46,30
4/9/2014,51,46,52
4/10/2014,50,45,44
4/11/2014,53,48,56
4/12/2014,50,45,52
4/13/2014,53,45,49
4/14/2014,51,46,49
4/15/2014,51,43,46
4/16/2014,50,45,34
4/17/2014,53,45,52
4/18/2014,50,41,49
4/19/2014,50,41,42
4/20/2014,51,30,23
4/21/2014,50,36,34
4/22/2014,50,32,34
4/23/2014,50,37,40
4/24/2014,53,48,56
4/25/2014,50,41,58
4/26/2014,48,34,39
4/27/2014,53,41,45
4/28/2014,50,27,23
4/29/2014,53,37,19
4/30/2014,59,36,15
5/1/2014,59,30,15
5/2/2014,57,39,34
5/3/2014,53,45,46
5/4/2014,55,46,49
5/5/2014,53,43,48
5/6/2014,51,39,37
5/7/2014,50,45,52
5/8/2014,53,43,59
5/9/2014,55,41,42
5/10/2014,53,39,42
5/11/2014,53,30,20
5/12/2014,51,28,13
5/13/2014,59,32,13
5/14/2014,62,27,15
5/15/2014,62,25,12
5/16/2014,55,41,28
5/17/2014,55,46,56
5/18/2014,57,45,49
5/19/2014,55,46,52
5/20/2014,53,48,52
5/21/2014,55,48,41
5/22/2014,55,50,50
5/23/2014,55,48,47
5/24/2014,57,46,49
5/25/2014,55,37,24
5/26/2014,55,37,37
5/27/2014,53,37,35
5/28/2014,53,36,25
5/29/2014,53,32,17
5/30/2014,53,45,52
5/31/2014,53,45,46
6/1/2014,53,46,36
6/2/2014,53,46,49
6/3/2014,51,46,52
6/4/2014,53,48,44
6/5/2014,53,48,47
6/6/2014,55,50,53
6/7/2014,55,50,53
6/8/2014,57,45,19
6/9/2014,62,52,33
6/10/2014,57,54,47
6/11/2014,57,50,53
6/12/2014,53,46,49
6/13/2014,55,46,36
6/14/2014,55,45,32
6/15/2014,55,46,49
6/16/2014,55,45,59
6/17/2014,50,37,25
6/18/2014,55,32,15
6/19/2014,55,46,38
6/20/2014,55,41,23
6/21/2014,55,45,43
6/22/2014,53,48,49
6/23/2014,53,45,38
6/24/2014,57,46,44
6/25/2014,57,54,68
6/26/2014,59,48,43
6/27/2014,57,54,50
6/28/2014,59,48,41
6/29/2014,57,45,26
6/30/2014,62,50,26
7/1/2014,59,46,36
7/2/2014,57,52,50
7/3/2014,57,50,44
7/4/2014,55,45,32
7/5/2014,55,43,25
7/6/2014,53,48,47
7/7/2014,57,50,39
7/8/2014,59,54,53
7/9/2014,59,55,50
7/10/2014,60,55,50
7/11/2014,59,54,53
7/12/2014,57,54,53
7/13/2014,57,54,50
7/14/2014,60,54,45
7/15/2014,59,55,54
7/16/2014,64,55,50
7/17/2014,62,55,53
7/18/2014,60,54,57
7/19/2014,62,55,53
7/20/2014,62,57,54
7/21/2014,64,54,53
7/22/2014,62,54,53
7/23/2014,62,55,53
7/24/2014,59,48,29
7/25/2014,62,43,21
7/26/2014,62,50,33
7/27/2014,62,55,42
7/28/2014,62,55,47
7/29/2014,60,52,39
7/30/2014,59,55,57
7/31/2014,59,54,50
8/1/2014,59,55,51
8/2/2014,59,55,53
8/3/2014,59,54,57
8/4/2014,59,54,60
8/5/2014,62,55,57
8/6/2014,62,57,42
8/7/2014,62,54,50
8/8/2014,59,50,41
8/9/2014,59,50,53
8/10/2014,57,54,50
8/11/2014,60,55,47
8/12/2014,59,54,53
8/13/2014,59,54,47
8/14/2014,60,54,39
8/15/2014,60,55,47
8/16/2014,60,55,47
8/17/2014,59,50,34
8/18/2014,59,55,60
8/19/2014,59,55,53
8/20/2014,62,55,53
8/21/2014,60,55,50
8/22/2014,60,54,47
8/23/2014,60,54,53
8/24/2014,60,54,50
8/25/2014,60,52,47
8/26/2014,59,52,50
8/27/2014,60,50,41
8/28/2014,59,55,54
8/29/2014,60,55,47
8/30/2014,62,52,37
8/31/2014,59,50,34
3/1/2014,55,50,56
3/2/2014,55,50,59
3/3/2014,50,48,63
3/4/2014,55,54,68
3/5/2014,55,,
3/6/2014,55,50,60
3/7/2014,44,43,43
3/8/2014,46,45,34
3/9/2014,55,50,47
3/10/2014,57,48,46
3/11/2014,55,32,25
3/12/2014,57,36,26
3/13/2014,46,36,24
3/14/2014,46,45,49
3/15/2014,46,45,93
3/16/2014,46,43,44
3/17/2014,53,45,41
3/18/2014,46,30,20
3/19/2014,41,37,29
3/20/2014,50,43,46
3/21/2014,42,39,24
3/22/2014,46,43,45
3/23/2014,53,46,56
3/24/2014,44,43,43
3/25/2014,44,39,55
3/26/2014,53,46,59
3/27/2014,51,45,46
3/28/2014,51,48,49
3/29/2014,55,50,68
3/30/2014,48,43,45
3/31/2014,46,43,63
4/1/2014,46,43,55
4/2/2014,46,36,37
4/3/2014,44,43,52
4/4/2014,51,43,52
4/5/2014,48,45,49
4/6/2014,44,43,36
4/7/2014,51,48,35
4/8/2014,53,52,48
4/9/2014,51,50,60
4/10/2014,53,50,41
4/11/2014,53,52,68
4/12/2014,53,46,59
4/13/2014,53,48,50
4/14/2014,55,52,60
4/15/2014,55,46,56
4/16/2014,48,46,44
4/17/2014,51,45,49
4/18/2014,55,37,42
4/19/2014,46,45,46
4/20/2014,55,45,39
4/21/2014,55,45,50
4/22/2014,51,34,32
4/23/2014,48,41,37
4/24/2014,51,50,56
4/25/2014,51,45,67
4/26/2014,48,37,39
4/27/2014,55,45,49
4/28/2014,44,36,34
4/29/2014,60,39,20
4/30/2014,69,46,22
5/1/2014,57,48,27
5/2/2014,53,46,42
5/3/2014,55,46,43
5/4/2014,53,50,46
5/5/2014,55,45,49
5/6/2014,55,41,31
5/7/2014,50,45,43
5/8/2014,55,45,59
5/9/2014,57,41,37
5/10/2014,53,43,40
5/11/2014,51,32,21
5/12/2014,46,36,16
5/13/2014,55,41,17
5/14/2014,57,48,23
5/15/2014,57,37,20
5/16/2014,53,46,34
5/17/2014,57,46,44
5/18/2014,60,48,46
5/19/2014,59,46,46
5/20/2014,59,50,44
5/21/2014,55,50,50
5/22/2014,57,52,39
5/23/2014,57,54,64
5/24/2014,57,48,60
5/25/2014,55,43,30
5/26/2014,55,37,33
5/27/2014,55,39,33
5/28/2014,59,36,24
5/29/2014,53,32,15
5/30/2014,50,46,52
5/31/2014,53,50,53
6/1/2014,59,54,53
6/2/2014,55,48,53
6/3/2014,55,50,53
6/4/2014,57,54,53
6/5/2014,57,55,57
6/6/2014,59,,
6/7/2014,59,28,31
6/8/2014,59,55,43
6/9/2014,62,57,51
6/10/2014,60,57,65
6/11/2014,60,54,53
6/12/2014,59,48,24
6/13/2014,55,46,34
6/14/2014,57,45,37
6/15/2014,57,48,44
6/16/2014,55,45,43
6/17/2014,53,41,24
6/18/2014,55,37,18
6/19/2014,57,52,53
6/20/2014,57,39,24
6/21/2014,57,48,52
6/22/2014,59,50,50
6/23/2014,55,50,41
6/24/2014,62,52,44
6/25/2014,59,55,61
6/26/2014,62,54,47
6/27/2014,64,55,61
6/28/2014,59,48,36
6/29/2014,60,57,42
6/30/2014,62,55,40
7/1/2014,62,59,54
7/2/2014,62,54,53
7/3/2014,57,54,57
7/4/2014,59,55,53
7/5/2014,59,55,54
7/6/2014,59,55,50
7/7/2014,59,55,54
7/8/2014,59,55,57
7/9/2014,62,57,57
7/10/2014,60,57,54
7/11/2014,62,55,57
7/12/2014,60,54,61
7/13/2014,59,55,61
7/14/2014,66,61,54
7/15/2014,62,61,61
7/16/2014,66,57,54
7/17/2014,62,57,53
7/18/2014,64,57,65
7/19/2014,64,59,61
7/20/2014,64,61,69
7/21/2014,68,30,24
7/22/2014,66,57,54
7/23/2014,62,57,60
7/24/2014,66,57,27
7/25/2014,59,54,34
7/26/2014,64,55,51
7/27/2014,66,59,51
7/28/2014,64,59,57
7/29/2014,66,61,54
7/30/2014,62,59,54
7/31/2014,62,59,61
8/1/2014,59,25,27
8/2/2014,62,30,30
8/3/2014,64,,
8/4/2014,64,57,54
8/5/2014,64,59,57
8/6/2014,66,63,58
8/7/2014,62,57,65
8/8/2014,59,55,61
8/9/2014,60,54,57
8/10/2014,60,55,61
8/11/2014,64,59,61
8/12/2014,59,54,57
8/13/2014,60,55,54
8/14/2014,64,59,57
8/15/2014,62,,
8/16/2014,64,59,54
8/17/2014,62,57,65
8/18/2014,62,57,68
8/19/2014,62,55,61
8/20/2014,64,55,50
8/21/2014,60,55,54
8/22/2014,60,57,51
8/23/2014,62,55,54
8/24/2014,62,57,61
8/25/2014,62,55,57
8/26/2014,59,55,57
8/27/2014,66,61,54
8/28/2014,62,59,57
8/29/2014,64,61,61
8/30/2014,59,57,51
8/31/2014,57,55,50
3/1/2014,53,46,48
3/2/2014,52,46,56
3/3/2014,49,47,60
3/4/2014,54,50,63
3/5/2014,54,47,45
3/6/2014,53,48,56
3/7/2014,49,43,42
3/8/2014,47,42,33
3/9/2014,57,42,38
3/10/2014,53,44,40
3/11/2014,52,23,21
3/12/2014,56,20,16
3/13/2014,48,22,12
3/14/2014,48,41,40
3/15/2014,49,41,28
3/16/2014,50,41,29
3/17/2014,52,41,37
3/18/2014,47,25,19
3/19/2014,46,32,23
3/20/2014,51,38,31
3/21/2014,48,41,48
3/22/2014,47,42,42
3/23/2014,51,46,48
3/24/2014,47,34,25
3/25/2014,47,34,51
3/26/2014,53,43,52
3/27/2014,50,42,42
3/28/2014,51,45,44
3/29/2014,51,47,63
3/30/2014,49,39,43
3/31/2014,45,41,57
4/1/2014,45,41,55
4/2/2014,45,39,46
4/3/2014,44,40,40
4/4/2014,50,40,46
4/5/2014,50,43,48
4/6/2014,47,43,41
4/7/2014,53,47,36
4/8/2014,58,51,42
4/9/2014,55,50,57
4/10/2014,54,41,29
4/11/2014,55,50,67
4/12/2014,54,46,52
4/13/2014,55,45,49
4/14/2014,54,48,49
4/15/2014,54,47,56
4/16/2014,51,46,41
4/17/2014,53,43,44
4/18/2014,52,36,39
4/19/2014,50,43,48
4/20/2014,51,36,20
4/21/2014,51,35,27
4/22/2014,51,31,28
4/23/2014,50,37,39
4/24/2014,52,46,52
4/25/2014,51,41,61
4/26/2014,48,34,36
4/27/2014,51,40,48
4/28/2014,48,32,28
4/29/2014,52,37,21
4/30/2014,59,46,23
5/1/2014,60,43,21
5/2/2014,56,43,28
5/3/2014,56,45,44
5/4/2014,53,47,47
5/5/2014,54,42,42
5/6/2014,53,38,29
5/7/2014,51,42,39
5/8/2014,53,43,48
5/9/2014,55,41,36
5/10/2014,53,39,35
5/11/2014,51,26,19
5/12/2014,51,33,15
5/13/2014,58,28,11
5/14/2014,61,34,15
5/15/2014,61,38,19
5/16/2014,57,46,44
5/17/2014,55,42,44
5/18/2014,56,42,38
5/19/2014,55,45,40
5/20/2014,54,46,41
5/21/2014,55,48,43
5/22/2014,57,50,49
5/23/2014,57,52,57
5/24/2014,58,51,59
5/25/2014,56,46,33
5/26/2014,55,29,22
5/27/2014,55,34,27
5/28/2014,53,36,24
5/29/2014,54,30,19
5/30/2014,53,47,48
5/31/2014,53,46,46
6/1/2014,56,50,46
6/2/2014,54,47,44
6/3/2014,56,48,49
6/4/2014,56,51,49
6/5/2014,57,53,57
6/6/2014,57,51,53
6/7/2014,54,50,53
6/8/2014,59,54,36
6/9/2014,63,56,43
6/10/2014,61,55,57
6/11/2014,58,51,46
6/12/2014,58,43,44
6/13/2014,54,41,29
6/14/2014,56,45,26
6/15/2014,56,45,41
6/16/2014,56,42,40
6/17/2014,52,43,30
6/18/2014,54,42,24
6/19/2014,56,51,53
6/20/2014,57,39,23
6/21/2014,56,50,53
6/22/2014,54,48,53
6/23/2014,56,50,49
6/24/2014,57,48,38
6/25/2014,58,54,54
6/26/2014,61,51,46
6/27/2014,60,53,57
6/28/2014,59,43,33
6/29/2014,58,48,33
6/30/2014,62,54,37
7/1/2014,61,55,54
7/2/2014,60,53,50
7/3/2014,57,53,53
7/4/2014,57,54,57
7/5/2014,56,53,46
7/6/2014,55,52,46
7/7/2014,58,55,48
7/8/2014,60,55,54
7/9/2014,59,54,54
7/10/2014,59,53,50
7/11/2014,59,53,53
7/12/2014,60,53,59
7/13/2014,58,53,57
7/14/2014,62,57,51
7/15/2014,61,57,54
7/16/2014,64,56,48
7/17/2014,62,56,48
7/18/2014,62,55,57
7/19/2014,63,57,58
7/20/2014,64,59,56
7/21/2014,64,54,50
7/22/2014,64,55,50
7/23/2014,62,54,54
7/24/2014,61,55,40
7/25/2014,62,43,18
7/26/2014,63,57,46
7/27/2014,63,57,43
7/28/2014,61,57,56
7/29/2014,63,58,48
7/30/2014,63,59,54
7/31/2014,62,57,56
8/1/2014,62,58,56
8/2/2014,62,57,66
8/3/2014,62,55,61
8/4/2014,62,55,57
8/5/2014,63,57,54
8/6/2014,63,59,47
8/7/2014,62,56,57
8/8/2014,60,55,50
8/9/2014,59,53,61
8/10/2014,60,52,53
8/11/2014,62,55,54
8/12/2014,59,54,50
8/13/2014,61,55,53
8/14/2014,61,57,58
8/15/2014,60,57,54
8/16/2014,60,57,54
8/17/2014,60,55,61
8/18/2014,62,55,61
8/19/2014,63,54,50
8/20/2014,60,54,45
8/21/2014,60,54,53
8/22/2014,61,56,48
8/23/2014,60,53,46
8/24/2014,61,53,53
8/25/2014,59,53,49
8/26/2014,58,52,50
8/27/2014,60,56,45
8/28/2014,61,56,45
8/29/2014,62,57,56
8/30/2014,61,55,42
8/31/2014,59,56,48
3/1/2014,52,44,56
3/2/2014,50,46,56
3/3/2014,48,46,64
3/4/2014,53,52,63
3/5/2014,52,45,44
3/6/2014,52,42,44
3/7/2014,48,42,42
3/8/2014,45,39,33
3/9/2014,57,26,15
3/10/2014,55,42,45
3/11/2014,54,19,18
3/12/2014,50,13,14
3/13/2014,46,19,11
3/14/2014,44,37,29
3/15/2014,48,40,26
3/16/2014,49,31,18
3/17/2014,48,41,37
3/18/2014,44,22,17
3/19/2014,45,33,21
3/20/2014,49,36,27
3/21/2014,46,42,37
3/22/2014,46,42,37
3/23/2014,47,43,37
3/24/2014,46,33,21
3/25/2014,44,39,43
3/26/2014,50,43,51
3/27/2014,46,42,48
3/28/2014,50,45,40
3/29/2014,50,47,67
3/30/2014,47,39,49
3/31/2014,43,40,51
4/1/2014,43,38,59
4/2/2014,43,39,46
4/3/2014,43,33,36
4/4/2014,49,41,51
4/5/2014,50,43,42
4/6/2014,46,43,36
4/7/2014,53,46,34
4/8/2014,56,47,28
4/9/2014,54,44,35
4/10/2014,52,38,23
4/11/2014,54,48,57
4/12/2014,53,45,41
4/13/2014,54,46,41
4/14/2014,51,38,25
4/15/2014,45,46,47
4/16/2014,49,45,32
4/17/2014,52,46,49
4/18/2014,51,44,44
4/19/2014,50,37,34
4/20/2014,50,38,21
4/21/2014,50,38,29
4/22/2014,50,27,24
4/23/2014,47,35,34
4/24/2014,50,45,48
4/25/2014,50,41,60
4/26/2014,48,34,35
4/27/2014,51,41,48
4/28/2014,47,36,32
4/29/2014,48,39,19
4/30/2014,58,42,18
5/1/2014,58,35,21
5/2/2014,54,38,20
5/3/2014,54,46,45
5/4/2014,52,46,47
5/5/2014,53,41,43
5/6/2014,50,37,31
5/7/2014,48,41,40
5/8/2014,50,43,52
5/9/2014,53,40,35
5/10/2014,51,37,32
5/11/2014,48,31,18
5/12/2014,50,30,13
5/13/2014,55,25,9
5/14/2014,57,31,12
5/15/2014,58,22,9
5/16/2014,56,40,35
5/17/2014,54,42,44
5/18/2014,56,42,47
5/19/2014,51,44,40
5/20/2014,53,46,41
5/21/2014,55,48,39
5/22/2014,55,49,43
5/23/2014,56,52,46
5/24/2014,55,48,53
5/25/2014,54,42,26
5/26/2014,54,31,26
5/27/2014,52,43,35
5/28/2014,52,34,21
5/29/2014,53,19,10
5/30/2014,52,46,48
5/31/2014,55,45,35
6/1/2014,52,46,35
6/2/2014,51,46,44
6/3/2014,54,45,33
6/4/2014,52,48,40
6/5/2014,55,48,35
6/6/2014,53,47,38
6/7/2014,53,48,43
6/8/2014,58,48,26
6/9/2014,63,50,35
6/10/2014,57,52,53
6/11/2014,57,51,40
6/12/2014,57,47,47
6/13/2014,53,42,31
6/14/2014,55,34,15
6/15/2014,54,47,44
6/16/2014,53,40,33
6/17/2014,52,37,24
6/18/2014,53,30,13
6/19/2014,55,48,38
6/20/2014,56,41,26
6/21/2014,54,45,38
6/22/2014,53,47,41
6/23/2014,53,47,38
6/24/2014,57,48,41
6/25/2014,57,53,57
6/26/2014,60,49,38
6/27/2014,59,53,50
6/28/2014,59,49,43
6/29/2014,57,46,32
6/30/2014,62,49,24
7/1/2014,57,52,48
7/2/2014,57,52,42
7/3/2014,56,52,43
7/4/2014,58,51,42
7/5/2014,57,47,33
7/6/2014,57,50,35
7/7/2014,59,55,45
7/8/2014,59,51,46
7/9/2014,57,52,43
7/10/2014,58,53,45
7/11/2014,59,53,49
7/12/2014,58,53,57
7/13/2014,58,54,50
7/14/2014,62,55,42
7/15/2014,61,55,53
7/16/2014,62,56,43
7/17/2014,60,55,50
7/18/2014,61,55,53
7/19/2014,62,55,50
7/20/2014,63,58,52
7/21/2014,62,56,48
7/22/2014,62,55,48
7/23/2014,59,54,45
7/24/2014,59,52,39
7/25/2014,61,42,17
7/26/2014,61,48,39
7/27/2014,62,56,37
7/28/2014,60,54,45
7/29/2014,62,54,39
7/30/2014,61,58,51
7/31/2014,61,57,51
8/1/2014,60,56,48
8/2/2014,60,57,61
8/3/2014,58,55,57
8/4/2014,59,54,48
8/5/2014,62,57,50
8/6/2014,62,58,45
8/7/2014,62,56,53
8/8/2014,58,54,42
8/9/2014,58,53,53
8/10/2014,59,53,45
8/11/2014,58,54,48
8/12/2014,59,52,43
8/13/2014,61,54,42
8/14/2014,61,55,45
8/15/2014,57,54,42
8/16/2014,60,54,45
8/17/2014,59,55,53
8/18/2014,59,55,53
8/19/2014,61,55,48
8/20/2014,60,51,36
8/21/2014,59,54,45
8/22/2014,60,53,43
8/23/2014,60,48,36
8/24/2014,58,54,50
8/25/2014,58,54,47
8/26/2014,56,51,46
8/27/2014,60,52,36
8/28/2014,60,55,42
8/29/2014,60,56,40
8/30/2014,61,50,34
8/31/2014,58,53,42
9/1/2014,57,52,42
9/2/2014,60,55,61
9/3/2014,61,55,53
9/4/2014,61,56,57
9/5/2014,60,54,57
9/6/2014,60,52,53
9/7/2014,60,45,53
9/8/2014,59,50,55
9/9/2014,57,52,57
9/10/2014,54,51,39
9/11/2014,57,50,33
9/12/2014,57,54,50
9/13/2014,59,55,57
9/14/2014,60,55,53
9/15/2014,62,53,43
9/16/2014,58,54,47
9/17/2014,61,55,50
9/18/2014,61,58,54
9/19/2014,59,59,64
9/20/2014,63,57,68
9/21/2014,64,57,66
9/22/2014,63,55,53
9/23/2014,63,57,64
9/24/2014,65,60,60
9/25/2014,58,56,57
9/26/2014,60,54,53
9/27/2014,55,52,57
9/28/2014,61,55,61
9/29/2014,57,55,63
9/30/2014,57,54,57
10/1/2014,53,40,22
10/2/2014,52,42,29
10/3/2014,55,42,21
10/4/2014,55,40,19
10/5/2014,53,45,26
10/6/2014,52,50,36
10/7/2014,51,50,57
10/8/2014,52,51,53
10/9/2014,57,53,67
10/10/2014,56,52,67
10/11/2014,55,52,49
10/12/2014,51,31,13
10/13/2014,50,34,19
10/14/2014,58,54,53
10/15/2014,54,53,57
10/16/2014,51,45,42
10/17/2014,51,47,41
10/18/2014,54,49,43
10/19/2014,55,52,66
10/20/2014,54,51,57
10/21/2014,49,43,37
10/22/2014,49,46,57
10/23/2014,55,53,57
10/24/2014,56,50,59
10/25/2014,60,54,61
10/26/2014,50,43,39
10/27/2014,47,42,52
10/28/2014,48,45,47
10/29/2014,50,49,36
10/30/2014,54,47,63
10/31/2014,57,49,72
11/1/2014,48,44,60
11/2/2014,44,42,48
11/3/2014,44,40,40
11/4/2014,46,44,42
11/5/2014,48,43,44
11/6/2014,50,46,44
11/7/2014,50,48,61
11/8/2014,50,48,57
11/9/2014,48,46,61
11/10/2014,47,46,72
11/11/2014,58,47,56
11/12/2014,56,44,48
11/13/2014,55,50,78
11/14/2014,49,49,67
11/15/2014,46,44,63
11/16/2014,47,19,18
11/17/2014,47,25,22
11/18/2014,46,36,43
11/19/2014,52,41,57
11/20/2014,51,49,86
11/21/2014,51,48,69
11/22/2014,53,45,66
11/23/2014,42,39,48
11/24/2014,40,36,42
11/25/2014,41,38,58
11/26/2014,45,40,60
11/27/2014,42,42,63
11/28/2014,42,42,67
11/29/2014,54,49,72
11/30/2014,52,51,75
12/1/2014,53,52,67
12/2/2014,54,52,80
12/3/2014,58,55,78
12/4/2014,55,55,73
12/5/2014,53,53,73
12/6/2014,57,55,78
12/7/2014,52,52,72
12/8/2014,51,50,63
12/9/2014,53,51,73
12/10/2014,54,53,72
12/11/2014,50,48,67
12/12/2014,49,46,77
12/13/2014,46,44,72
12/14/2014,47,43,55
12/15/2014,49,46,77
12/16/2014,50,46,67
12/17/2014,49,46,72
12/18/2014,51,48,72
12/19/2014,54,50,77
12/20/2014,54,52,78
12/21/2014,55,54,84
12/22/2014,51,50,78
12/23/2014,47,46,67
12/24/2014,48,36,59
12/25/2014,45,26,30
12/26/2014,39,26,30
12/27/2014,38,30,41
12/28/2014,39,36,64
12/29/2014,42,37,59
12/30/2014,38,14,24
12/31/2014,36,5,15
1/1/2015,38,14,20
1/2/2015,32,25,52
1/3/2015,32,28,50
1/4/2015,35,33,59
1/5/2015,36,32,50
1/6/2015,38,36,51
1/7/2015,38,37,46
1/8/2015,42,38,60
1/9/2015,46,45,52
1/10/2015,47,45,72
1/11/2015,42,42,77
1/12/2015,41,41,77
1/13/2015,43,37,37
1/14/2015,39,36,62
1/15/2015,40,39,67
1/16/2015,43,43,72
1/17/2015,48,46,72
1/18/2015,49,48,73
1/19/2015,47,45,60
1/20/2015,45,42,72
1/21/2015,40,37,53
1/22/2015,41,36,57
1/23/2015,39,38,43
1/24/2015,46,37,33
1/25/2015,40,37,53
1/26/2015,41,38,51
1/27/2015,47,43,44
1/28/2015,43,42,52
1/29/2015,42,41,65
1/30/2015,46,44,67
1/31/2015,44,28,22
2/1/2015,40,37,40
2/2/2015,43,41,65
2/3/2015,47,47,58
2/4/2015,46,45,72
2/5/2015,48,46,60
2/6/2015,58,47,60
2/7/2015,54,52,84
2/8/2015,53,52,72
2/9/2015,49,45,67
2/10/2015,44,41,49
2/11/2015,42,41,60
2/12/2015,47,44,52
2/13/2015,46,43,51
2/14/2015,47,46,53
2/15/2015,45,41,40
2/16/2015,46,42,53
2/17/2015,53,45,66
2/18/2015,50,45,64
2/19/2015,50,50,72
2/20/2015,52,47,52
2/21/2015,46,39,40
2/22/2015,45,20,22
2/23/2015,44,12,17
2/24/2015,36,22,27
2/25/2015,45,41,46
2/26/2015,45,43,58
2/27/2015,48,42,56
2/28/2015,44,41,55
3/1/2015,44,33,36
3/2/2015,45,40,51
3/3/2015,42,39,52
3/4/2015,41,35,32
3/5/2015,42,36,37
3/6/2015,42,36,37
3/7/2015,45,41,41
3/8/2015,44,43,60
3/9/2015,48,47,63
3/10/2015,48,46,72
3/11/2015,51,43,44
3/12/2015,46,46,44
3/13/2015,48,47,38
3/14/2015,52,44,38
3/15/2015,54,41,40
3/16/2015,53,46,48
3/17/2015,51,46,52
3/18/2015,48,45,48
3/19/2015,47,43,35
3/20/2015,48,41,49
3/21/2015,54,51,53
3/22/2015,54,48,63
3/23/2015,53,42,48
3/24/2015,53,43,63
3/25/2015,48,46,47
3/26/2015,50,48,42
3/27/2015,52,49,67
3/28/2015,48,46,44
3/29/2015,47,45,41
3/30/2015,47,44,60
3/31/2015,55,40,42
4/1/2015,45,30,32
4/2/2015,48,29,24
4/3/2015,44,40,43
4/4/2015,43,38,40
4/5/2015,50,38,54
4/6/2015,44,37,42
4/7/2015,48,40,51
4/8/2015,47,38,43
4/9/2015,43,36,34
4/10/2015,46,38,37
4/11/2015,47,43,47
4/12/2015,48,45,40
4/13/2015,50,45,55
4/14/2015,48,27,25
4/15/2015,47,31,28
4/16/2015,48,25,13
4/17/2015,48,40,40
4/18/2015,49,47,48
4/19/2015,49,48,60
4/20/2015,53,48,60
4/21/2015,53,48,64
4/22/2015,52,46,56
4/23/2015,52,45,56
4/24/2015,52,43,48
4/25/2015,51,44,60
4/26/2015,47,39,43
4/27/2015,50,47,38
4/28/2015,52,48,65
4/29/2015,51,45,48
4/30/2015,49,42,26
5/1/2015,53,48,49
5/2/2015,52,47,60
5/3/2015,52,46,52
5/4/2015,51,45,62
5/5/2015,51,45,60
5/6/2015,50,44,52
5/7/2015,47,42,45
5/8/2015,46,43,56
5/9/2015,52,46,60
5/10/2015,51,46,60
5/11/2015,52,45,60
5/12/2015,51,41,43
5/13/2015,51,42,48
5/14/2015,53,45,56
5/15/2015,52,46,56
5/16/2015,53,47,64
5/17/2015,54,47,60
5/18/2015,54,46,67
5/19/2015,54,48,64
5/20/2015,54,48,64
5/21/2015,54,51,63
5/22/2015,56,48,64
5/23/2015,53,48,60
5/24/2015,52,48,67
5/25/2015,52,48,60
5/26/2015,53,48,56
5/27/2015,53,48,60
5/28/2015,52,48,65
5/29/2015,52,48,69
5/30/2015,51,49,63
5/31/2015,52,46,56
6/1/2015,57,50,49
6/2/2015,56,51,63
6/3/2015,55,50,60
6/4/2015,53,48,51
6/5/2015,53,48,55
6/6/2015,56,53,57
6/7/2015,56,53,53
6/8/2015,56,53,31
6/9/2015,55,52,43
6/10/2015,58,55,78
6/11/2015,57,54,61
6/12/2015,54,52,49
6/13/2015,57,52,61
6/14/2015,55,48,56
6/15/2015,54,48,67
6/16/2015,55,50,58
6/17/2015,53,48,51
6/18/2015,52,47,56
6/19/2015,52,48,49
6/20/2015,52,49,55
6/21/2015,56,48,52
6/22/2015,54,49,60
6/23/2015,53,48,51
6/24/2015,55,50,49
6/25/2015,56,50,43
6/26/2015,58,53,57
6/27/2015,58,53,53
6/28/2015,60,55,57
6/29/2015,57,52,57
6/30/2015,57,54,39
7/1/2015,58,54,50
7/2/2015,60,55,61
7/3/2015,60,57,61
7/4/2015,60,56,66
7/5/2015,61,55,57
7/6/2015,61,54,53
7/7/2015,61,55,61
7/8/2015,60,52,63
7/9/2015,59,54,68
7/10/2015,61,54,53
7/11/2015,61,52,49
7/12/2015,63,53,46
7/13/2015,62,56,57
7/14/2015,60,55,61
7/15/2015,58,55,50
7/16/2015,60,55,54
7/17/2015,61,55,57
7/18/2015,60,54,49
7/19/2015,61,54,35
7/20/2015,62,56,52
7/21/2015,60,55,61
7/22/2015,60,53,59
7/23/2015,60,53,57
7/24/2015,59,53,49
7/25/2015,60,54,61
7/26/2015,58,53,57
7/27/2015,56,52,36
7/28/2015,56,52,37
7/29/2015,60,56,48
7/30/2015,61,57,57
7/31/2015,61,57,66
8/1/2015,62,55,57
8/2/2015,63,55,57
8/3/2015,64,53,49
8/4/2015,62,52,46
8/5/2015,57,54,54
8/6/2015,58,54,61
8/7/2015,61,54,53
8/8/2015,62,55,61
8/9/2015,59,55,61
8/10/2015,60,54,61
8/11/2015,61,55,53
8/12/2015,55,50,41
8/13/2015,64,56,53
8/14/2015,61,57,54
8/15/2015,57,50,26
8/16/2015,61,47,27
8/17/2015,59,56,48
8/18/2015,61,55,54
8/19/2015,63,54,53
8/20/2015,62,53,57
8/21/2015,62,55,61
8/22/2015,61,55,53
8/23/2015,61,54,57
8/24/2015,61,54,53
8/25/2015,60,54,53
8/26/2015,58,52,43
8/27/2015,59,46,30
8/28/2015,62,53,32
8/29/2015,65,57,58
8/30/2015,61,56,50
8/31/2015,60,54,50
9/1/2014,60,52,27
9/2/2014,60,55,50
9/3/2014,62,55,50
9/4/2014,62,55,50
9/5/2014,59,55,53
9/6/2014,59,54,50
9/7/2014,57,52,53
9/8/2014,57,50,52
9/9/2014,57,50,53
9/10/2014,55,52,42
9/11/2014,57,54,37
9/12/2014,59,54,47
9/13/2014,59,55,47
9/14/2014,59,54,50
9/15/2014,59,50,36
9/16/2014,57,50,42
9/17/2014,60,48,30
9/18/2014,64,59,54
9/19/2014,59,57,54
9/20/2014,62,57,60
9/21/2014,62,57,61
9/22/2014,62,55,53
9/23/2014,59,55,51
9/24/2014,64,59,65
9/25/2014,59,55,57
9/26/2014,59,50,46
9/27/2014,62,55,57
9/28/2014,57,54,57
9/29/2014,57,54,53
9/30/2014,57,50,44
10/1/2014,57,34,16
10/2/2014,55,36,16
10/3/2014,60,36,13
10/4/2014,60,28,13
10/5/2014,59,39,27
10/6/2014,57,50,42
10/7/2014,55,50,47
10/8/2014,57,52,33
10/9/2014,57,52,57
10/10/2014,57,52,60
10/11/2014,53,50,47
10/12/2014,57,27,10
10/13/2014,57,36,22
10/14/2014,59,54,56
10/15/2014,59,50,53
10/16/2014,55,46,43
10/17/2014,53,45,44
10/18/2014,59,54,44
10/19/2014,57,54,57
10/20/2014,57,50,56
10/21/2014,53,39,35
10/22/2014,53,46,50
10/23/2014,57,52,53
10/24/2014,57,54,57
10/25/2014,59,54,56
10/26/2014,53,36,32
10/27/2014,50,46,46
10/28/2014,50,43,33
10/29/2014,53,48,34
10/30/2014,57,48,43
10/31/2014,57,50,68
11/1/2014,53,46,55
11/2/2014,48,41,40
11/3/2014,46,39,37
11/4/2014,48,41,33
11/5/2014,51,46,38
11/6/2014,53,48,50
11/7/2014,50,48,60
11/8/2014,53,50,41
11/9/2014,53,50,57
11/10/2014,53,50,64
11/11/2014,55,46,52
11/12/2014,57,45,49
11/13/2014,55,54,73
11/14/2014,53,48,52
11/15/2014,50,48,52
11/16/2014,51,19,19
11/17/2014,46,32,30
11/18/2014,48,39,40
11/19/2014,55,41,48
11/20/2014,53,50,82
11/21/2014,50,50,68
11/22/2014,55,46,68
11/23/2014,48,41,42
11/24/2014,44,39,42
11/25/2014,46,39,45
11/26/2014,46,43,52
11/27/2014,46,39,59
11/28/2014,44,39,63
11/29/2014,55,48,73
11/30/2014,51,50,82
12/1/2014,53,54,77
12/2/2014,55,55,82
12/3/2014,57,55,73
12/4/2014,55,55,64
12/5/2014,55,55,73
12/6/2014,57,57,73
12/7/2014,53,54,82
12/8/2014,53,52,73
12/9/2014,55,55,82
12/10/2014,55,54,68
12/11/2014,50,48,73
12/12/2014,48,48,82
12/13/2014,44,45,72
12/14/2014,46,45,55
12/15/2014,50,48,82
12/16/2014,48,48,59
12/17/2014,46,46,67
12/18/2014,50,48,72
12/19/2014,53,50,77
12/20/2014,55,50,72
12/21/2014,55,55,82
12/22/2014,53,54,73
12/23/2014,50,48,52
12/24/2014,48,37,62
12/25/2014,44,32,38
12/26/2014,41,28,38
12/27/2014,35,32,47
12/28/2014,41,37,54
12/29/2014,42,36,51
12/30/2014,41,23,33
12/31/2014,35,10,19
1/1/2015,37,18,25
1/2/2015,35,27,50
1/3/2015,33,32,54
1/4/2015,37,36,62
1/5/2015,39,36,58
1/6/2015,41,37,55
1/7/2015,41,37,49
1/8/2015,46,41,67
1/9/2015,48,45,56
1/10/2015,48,46,67
1/11/2015,44,45,82
1/12/2015,44,43,59
1/13/2015,44,37,45
1/14/2015,41,37,59
1/15/2015,42,41,63
1/16/2015,46,45,67
1/17/2015,50,48,77
1/18/2015,50,48,73
1/19/2015,48,46,72
1/20/2015,46,43,72
1/21/2015,44,39,48
1/22/2015,44,39,63
1/23/2015,44,39,52
1/24/2015,48,37,35
1/25/2015,44,41,45
1/26/2015,44,39,42
1/27/2015,51,37,37
1/28/2015,48,45,52
1/29/2015,46,45,56
1/30/2015,44,43,56
1/31/2015,46,23,15
2/1/2015,44,36,51
2/2/2015,46,43,52
2/3/2015,50,46,63
2/4/2015,48,46,72
2/5/2015,50,45,52
2/6/2015,59,43,48
2/7/2015,59,41,48
2/8/2015,55,52,64
2/9/2015,53,48,64
2/10/2015,48,45,52
2/11/2015,46,45,49
2/12/2015,48,46,56
2/13/2015,50,48,53
2/14/2015,50,48,44
2/15/2015,48,41,33
2/16/2015,48,45,43
2/17/2015,53,46,72
2/18/2015,51,46,68
2/19/2015,50,48,77
2/20/2015,53,48,52
2/21/2015,48,43,43
2/22/2015,48,27,31
2/23/2015,50,19,25
2/24/2015,41,18,15
2/25/2015,44,36,40
2/26/2015,48,46,41
2/27/2015,51,43,55
2/28/2015,48,41,52
3/1/2015,42,34,37
3/2/2015,44,39,51
3/3/2015,44,41,42
3/4/2015,44,36,32
3/5/2015,46,37,35
3/6/2015,44,32,28
3/7/2015,46,37,31
3/8/2015,48,45,52
3/9/2015,50,46,64
3/10/2015,50,48,56
3/11/2015,55,43,45
3/12/2015,51,48,46
3/13/2015,51,45,36
3/14/2015,55,34,23
3/15/2015,57,32,27
3/16/2015,55,39,46
3/17/2015,53,39,35
3/18/2015,50,41,31
3/19/2015,50,43,31
3/20/2015,50,34,37
3/21/2015,53,45,49
3/22/2015,55,48,56
3/23/2015,53,39,40
3/24/2015,50,45,59
3/25/2015,53,45,38
3/26/2015,53,48,32
3/27/2015,53,48,56
3/28/2015,50,39,26
3/29/2015,48,39,24
3/30/2015,51,46,46
3/31/2015,55,39,42
4/1/2015,50,30,32
4/2/2015,50,28,24
4/3/2015,46,32,23
4/4/2015,44,34,34
4/5/2015,46,37,48
4/6/2015,42,36,37
4/7/2015,50,37,48
4/8/2015,48,37,39
4/9/2015,46,36,32
4/10/2015,48,27,28
4/11/2015,48,27,31
4/12/2015,50,41,29
4/13/2015,50,45,55
4/14/2015,48,25,27
4/15/2015,48,28,20
4/16/2015,53,23,13
4/17/2015,51,27,18
4/18/2015,50,45,46
4/19/2015,50,48,56
4/20/2015,53,48,56
4/21/2015,53,48,59
4/22/2015,50,46,59
4/23/2015,50,45,56
4/24/2015,53,37,42
4/25/2015,53,41,52
4/26/2015,51,37,29
4/27/2015,53,43,23
4/28/2015,53,48,52
4/29/2015,51,41,38
4/30/2015,53,36,17
5/1/2015,57,43,34
5/2/2015,55,48,49
5/3/2015,53,46,52
5/4/2015,50,45,46
5/5/2015,48,43,55
5/6/2015,50,41,45
5/7/2015,50,39,40
5/8/2015,50,45,4
5/9/2015,51,46,56
5/10/2015,50,45,52
5/11/2015,51,43,55
5/12/2015,50,36,37
5/13/2015,51,41,45
5/14/2015,53,45,52
5/15/2015,50,45,59
5/16/2015,53,48,59
5/17/2015,55,46,59
5/18/2015,55,46,67
5/19/2015,55,46,59
5/20/2015,55,48,59
5/21/2015,55,50,56
5/22/2015,57,48,59
5/23/2015,53,48,59
5/24/2015,50,46,59
5/25/2015,53,48,56
5/26/2015,55,48,59
5/27/2015,53,48,56
5/28/2015,53,50,56
5/29/2015,55,50,59
5/30/2015,53,50,60
5/31/2015,53,46,49
6/1/2015,57,50,50
6/2/2015,57,50,56
6/3/2015,57,48,59
6/4/2015,55,48,46
6/5/2015,57,52,50
6/6/2015,57,54,50
6/7/2015,60,55,53
6/8/2015,60,50,22
6/9/2015,60,55,53
6/10/2015,62,57,78
6/11/2015,57,55,42
6/12/2015,60,50,30
6/13/2015,62,55,50
6/14/2015,57,48,52
6/15/2015,53,48,56
6/16/2015,55,48,38
6/17/2015,55,46,32
6/18/2015,57,45,36
6/19/2015,53,43,34
6/20/2015,55,46,32
6/21/2015,55,45,36
6/22/2015,55,48,49
6/23/2015,55,46,41
6/24/2015,55,48,41
6/25/2015,59,52,39
6/26/2015,62,54,44
6/27/2015,59,54,50
6/28/2015,60,55,57
6/29/2015,57,54,47
6/30/2015,59,54,37
7/1/2015,60,55,50
7/2/2015,62,57,51
7/3/2015,62,57,48
7/4/2015,62,57,45
7/5/2015,62,55,50
7/6/2015,59,55,47
7/7/2015,60,54,53
7/8/2015,60,54,53
7/9/2015,59,54,64
7/10/2015,60,54,60
7/11/2015,59,54,50
7/12/2015,62,54,50
7/13/2015,62,55,53
7/14/2015,60,55,64
7/15/2015,57,54,53
7/16/2015,62,57,50
7/17/2015,62,55,50
7/18/2015,60,54,47
7/19/2015,64,52,41
7/20/2015,64,54,40
7/21/2015,60,54,50
7/22/2015,60,54,53
7/23/2015,57,52,60
7/24/2015,59,46,34
7/25/2015,59,54,53
7/26/2015,55,54,50
7/27/2015,57,50,17
7/28/2015,60,46,20
7/29/2015,64,54,35
7/30/2015,62,57,48
7/31/2015,62,57,50
8/1/2015,64,48,30
8/2/2015,62,55,47
8/3/2015,64,52,47
8/4/2015,60,50,46
8/5/2015,59,54,50
8/6/2015,60,55,53
8/7/2015,60,55,50
8/8/2015,62,54,53
8/9/2015,57,52,50
8/10/2015,59,54,57
8/11/2015,59,48,36
8/12/2015,59,50,42
8/13/2015,62,54,42
8/14/2015,62,54,44
8/15/2015,60,45,19
8/16/2015,64,45,18
8/17/2015,64,50,26
8/18/2015,62,55,50
8/19/2015,62,54,53
8/20/2015,62,55,53
8/21/2015,59,55,50
8/22/2015,59,54,57
8/23/2015,62,55,50
8/24/2015,62,55,47
8/25/2015,59,54,42
8/26/2015,59,41,32
8/27/2015,62,36,15
8/28/2015,66,50,22
8/29/2015,64,55,50
8/30/2015,64,52,44
8/31/2015,62,52,42
9/1/2014,57,55,43
9/2/2014,57,57,65
9/3/2014,62,32,32
9/4/2014,64,59,61
9/5/2014,62,57,61
9/6/2014,62,55,57
9/7/2014,60,55,60
9/8/2014,59,52,60
9/9/2014,57,54,61
9/10/2014,60,,
9/11/2014,59,55,45
9/12/2014,59,57,51
9/13/2014,62,59,57
9/14/2014,62,57,51
9/15/2014,57,54,44
9/16/2014,53,50,37
9/17/2014,62,54,37
9/18/2014,68,59,48
9/19/2014,62,,
9/20/2014,64,57,69
9/21/2014,64,59,69
9/22/2014,64,57,61
9/23/2014,57,55,57
9/24/2014,60,59,57
9/25/2014,60,,
9/26/2014,55,,
9/27/2014,62,55,47
9/28/2014,55,54,61
9/29/2014,60,57,69
9/30/2014,55,54,65
10/1/2014,53,41,20
10/2/2014,51,41,17
10/3/2014,55,45,19
10/4/2014,53,46,27
10/5/2014,53,46,40
10/6/2014,55,52,37
10/7/2014,55,54,61
10/8/2014,51,,
10/9/2014,55,54,68
10/10/2014,60,55,73
10/11/2014,53,52,57
10/12/2014,57,39,17
10/13/2014,53,41,39
10/14/2014,60,,
10/15/2014,62,54,53
10/16/2014,53,48,43
10/17/2014,53,46,44
10/18/2014,59,55,31
10/19/2014,55,54,65
10/20/2014,59,54,60
10/21/2014,48,45,36
10/22/2014,50,48,50
10/23/2014,57,54,57
10/24/2014,53,52,60
10/25/2014,60,54,53
10/26/2014,53,43,38
10/27/2014,48,45,49
10/28/2014,46,45,50
10/29/2014,51,50,47
10/30/2014,55,52,50
10/31/2014,57,55,77
11/1/2014,53,46,55
11/2/2014,44,43,43
11/3/2014,42,39,35
11/4/2014,44,43,50
11/5/2014,50,46,41
11/6/2014,50,48,57
11/7/2014,53,,
11/8/2014,50,,
11/9/2014,48,54,64
11/10/2014,53,,
11/11/2014,50,48,52
11/12/2014,59,46,52
11/13/2014,57,55,73
11/14/2014,50,52,60
11/15/2014,50,48,59
11/16/2014,50,43,59
11/17/2014,44,36,35
11/18/2014,44,16,21
11/19/2014,57,37,39
11/20/2014,55,,
11/21/2014,51,48,56
11/22/2014,57,52,68
11/23/2014,48,43,43
11/24/2014,44,,
11/25/2014,41,,
11/26/2014,44,,
11/27/2014,42,,
11/28/2014,50,,
11/29/2014,55,,
11/30/2014,53,,
12/1/2014,53,,
12/2/2014,57,,
12/3/2014,57,,
12/4/2014,57,,
12/5/2014,57,,
12/6/2014,59,,
12/7/2014,51,,
12/8/2014,55,,
12/9/2014,57,,
12/10/2014,55,,
12/11/2014,51,,
12/12/2014,51,,
12/13/2014,42,,
12/14/2014,48,,
12/15/2014,53,,
12/16/2014,53,,
12/17/2014,50,,
12/18/2014,53,,
12/19/2014,53,,
12/20/2014,55,,
12/21/2014,57,,
12/22/2014,51,,
12/23/2014,48,,
12/24/2014,51,,
12/25/2014,48,,
12/26/2014,44,,
12/27/2014,32,,
12/28/2014,39,,
12/29/2014,39,,
12/30/2014,41,21,32
12/31/2014,35,14,20
1/1/2015,33,23,27
1/2/2015,32,28,58
1/3/2015,32,32,54
1/4/2015,39,36,55
1/5/2015,37,36,45
1/6/2015,39,37,42
1/7/2015,37,37,52
1/8/2015,42,43,72
1/9/2015,46,46,59
1/10/2015,50,48,82
1/11/2015,48,48,82
1/12/2015,48,48,63
1/13/2015,42,43,45
1/14/2015,35,36,48
1/15/2015,39,39,55
1/16/2015,44,45,63
1/17/2015,46,46,77
1/18/2015,46,46,82
1/19/2015,48,48,72
1/20/2015,46,45,72
1/21/2015,39,39,48
1/22/2015,46,43,63
1/23/2015,39,37,43
1/24/2015,44,43,38
1/25/2015,41,39,48
1/26/2015,42,41,46
1/27/2015,55,45,24
1/28/2015,44,45,49
1/29/2015,42,41,56
1/30/2015,50,50,73
1/31/2015,41,32,21
2/1/2015,41,39,49
2/2/2015,44,45,33
2/3/2015,48,46,63
2/4/2015,48,46,68
2/5/2015,48,48,64
2/6/2015,59,54,68
2/7/2015,60,57,73
2/8/2015,59,52,64
2/9/2015,53,52,60
2/10/2015,46,46,56
2/11/2015,42,43,43
2/12/2015,46,46,50
2/13/2015,46,46,46
2/14/2015,46,46,50
2/15/2015,44,45,36
2/16/2015,57,55,57
2/17/2015,55,54,82
2/18/2015,53,48,68
2/19/2015,55,54,82
2/20/2015,55,50,49
2/21/2015,44,43,35
2/22/2015,50,37,40
2/23/2015,51,28,29
2/24/2015,48,21,18
2/25/2015,42,39,45
2/26/2015,42,43,49
2/27/2015,53,45,23
2/28/2015,48,45,63
3/1/2015,41,37,37
3/2/2015,44,32,50
3/3/2015,39,39,46
3/4/2015,39,37,33
3/5/2015,41,39,35
3/6/2015,48,43,36
3/7/2015,42,39,36
3/8/2015,51,50,56
3/9/2015,51,50,64
3/10/2015,53,54,77
3/11/2015,57,48,46
3/12/2015,51,50,50
3/13/2015,50,48,44
3/14/2015,53,52,40
3/15/2015,57,37,27
3/16/2015,60,50,46
3/17/2015,53,46,43
3/18/2015,46,45,53
3/19/2015,48,45,47
3/20/2015,48,46,64
3/21/2015,53,48,56
3/22/2015,57,48,52
3/23/2015,55,41,43
3/24/2015,51,46,60
3/25/2015,51,50,41
3/26/2015,50,50,39
3/27/2015,55,54,73
3/28/2015,48,46,34
3/29/2015,46,45,39
3/30/2015,55,43,46
3/31/2015,57,41,43
4/1/2015,44,37,40
4/2/2015,42,32,25
4/3/2015,41,36,27
4/4/2015,41,37,40
4/5/2015,46,36,42
4/6/2015,51,37,39
4/7/2015,50,41,51
4/8/2015,50,41,42
4/9/2015,42,41,40
4/10/2015,42,41,46
4/11/2015,44,39,38
4/12/2015,46,45,36
4/13/2015,53,45,46
4/14/2015,50,30,26
4/15/2015,48,34,23
4/16/2015,75,37,25
4/17/2015,46,39,41
4/18/2015,55,52,56
4/19/2015,55,52,68
4/20/2015,55,52,68
4/21/2015,55,46,56
4/22/2015,50,48,56
4/23/2015,53,46,59
4/24/2015,55,41,45
4/25/2015,55,41,56
4/26/2015,55,39,33
4/27/2015,50,48,27
4/28/2015,55,50,52
4/29/2015,50,48,60
4/30/2015,51,43,22
5/1/2015,57,50,50
5/2/2015,57,54,60
5/3/2015,53,48,52
5/4/2015,53,46,56
5/5/2015,51,46,46
5/6/2015,50,39,41
5/7/2015,50,43,52
5/8/2015,53,46,52
5/9/2015,53,48,59
5/10/2015,53,48,59
5/11/2015,50,45,56
5/12/2015,51,39,37
5/13/2015,55,43,43
5/14/2015,55,50,59
5/15/2015,48,46,52
5/16/2015,55,50,59
5/17/2015,55,48,59
5/18/2015,57,50,68
5/19/2015,55,50,52
5/20/2015,57,50,56
5/21/2015,57,52,56
5/22/2015,57,50,60
5/23/2015,57,50,56
5/24/2015,50,48,56
5/25/2015,55,50,56
5/26/2015,57,50,56
5/27/2015,55,50,50
5/28/2015,55,52,68
5/29/2015,55,52,68
5/30/2015,55,52,45
5/31/2015,55,50,60
6/1/2015,60,52,50
6/2/2015,57,50,53
6/3/2015,55,50,49
6/4/2015,53,50,56
6/5/2015,57,54,61
6/6/2015,60,55,61
6/7/2015,60,57,57
6/8/2015,68,59,32
6/9/2015,62,59,57
6/10/2015,62,61,83
6/11/2015,60,61,65
6/12/2015,60,59,51
6/13/2015,60,59,51
6/14/2015,59,52,64
6/15/2015,57,52,60
6/16/2015,55,52,57
6/17/2015,53,52,57
6/18/2015,59,43,29
6/19/2015,53,50,50
6/20/2015,55,54,50
6/21/2015,59,52,53
6/22/2015,60,52,64
6/23/2015,55,45,36
6/24/2015,59,54,50
6/25/2015,60,55,45
6/26/2015,64,59,54
6/27/2015,62,57,54
6/28/2015,64,59,65
6/29/2015,60,55,54
6/30/2015,66,57,38
7/1/2015,62,59,54
7/2/2015,64,59,65
7/3/2015,64,61,57
7/4/2015,66,61,65
7/5/2015,64,59,61
7/6/2015,62,57,47
7/7/2015,66,55,47
7/8/2015,62,55,60
7/9/2015,64,55,64
7/10/2015,62,55,57
7/11/2015,59,55,47
7/12/2015,60,55,44
7/13/2015,64,57,51
7/14/2015,57,55,50
7/15/2015,59,55,48
7/16/2015,62,59,57
7/17/2015,66,61,61
7/18/2015,64,55,51
7/19/2015,66,59,48
7/20/2015,68,63,54
7/21/2015,62,59,69
7/22/2015,60,54,47
7/23/2015,59,54,50
7/24/2015,53,50,47
7/25/2015,55,52,65
7/26/2015,55,52,42
7/27/2015,59,54,42
7/28/2015,59,55,43
7/29/2015,60,57,45
7/30/2015,64,61,61
7/31/2015,64,59,65
8/1/2015,66,59,61
8/2/2015,64,57,50
8/3/2015,62,54,47
8/4/2015,57,54,44
8/5/2015,57,55,57
8/6/2015,59,55,65
8/7/2015,66,59,54
8/8/2015,,,
8/9/2015,55,54,51
8/10/2015,57,55,51
8/11/2015,62,54,47
8/12/2015,55,52,39
8/13/2015,62,55,40
8/14/2015,66,57,48
8/15/2015,71,54,26
8/16/2015,73,59,48
8/17/2015,60,57,51
8/18/2015,64,57,57
8/19/2015,64,55,61
8/20/2015,64,57,64
8/21/2015,62,57,61
8/22/2015,62,55,61
8/23/2015,64,57,61
8/24/2015,62,57,57
8/25/2015,55,54,61
8/26/2015,62,57,54
8/27/2015,60,48,27
8/28/2015,68,61,54
8/29/2015,68,55,54
8/30/2015,60,55,42
8/31/2015,59,54,48
9/1/2014,60,53,34
9/2/2014,61,57,61
9/3/2014,61,54,48
9/4/2014,62,56,50
9/5/2014,61,55,54
9/6/2014,59,53,53
9/7/2014,59,53,53
9/8/2014,56,51,55
9/9/2014,54,50,53
9/10/2014,57,50,29
9/11/2014,59,53,37
9/12/2014,60,53,39
9/13/2014,61,56,48
9/14/2014,61,50,39
9/15/2014,60,49,46
9/16/2014,57,50,35
9/17/2014,63,51,36
9/18/2014,66,55,43
9/19/2014,62,59,64
9/20/2014,63,57,60
9/21/2014,64,56,61
9/22/2014,63,55,50
9/23/2014,60,55,50
9/24/2014,62,57,54
9/25/2014,59,54,57
9/26/2014,57,51,46
9/27/2014,60,51,46
9/28/2014,57,54,49
9/29/2014,59,56,61
9/30/2014,56,56,54
10/1/2014,56,37,18
10/2/2014,54,36,17
10/3/2014,59,42,18
10/4/2014,57,36,15
10/5/2014,58,42,21
10/6/2014,57,44,25
10/7/2014,57,56,50
10/8/2014,56,54,45
10/9/2014,57,56,66
10/10/2014,57,55,63
10/11/2014,55,51,46
10/12/2014,55,29,11
10/13/2014,55,31,16
10/14/2014,56,51,49
10/15/2014,60,50,44
10/16/2014,55,42,37
10/17/2014,52,42,36
10/18/2014,56,49,36
10/19/2014,56,56,57
10/20/2014,57,49,52
10/21/2014,51,43,35
10/22/2014,51,46,41
10/23/2014,57,50,44
10/24/2014,54,54,53
10/25/2014,58,51,49
10/26/2014,54,39,33
10/27/2014,48,42,37
10/28/2014,49,45,38
10/29/2014,51,47,32
10/30/2014,56,47,36
10/31/2014,55,53,78
11/1/2014,50,42,48
11/2/2014,46,40,37
11/3/2014,44,34,26
11/4/2014,46,44,41
11/5/2014,49,45,33
11/6/2014,52,47,38
11/7/2014,52,50,68
11/8/2014,50,50,49
11/9/2014,51,48,44
11/10/2014,51,51,63
11/11/2014,51,46,44
11/12/2014,57,44,45
11/13/2014,55,54,68
11/14/2014,51,48,56
11/15/2014,48,46,52
11/16/2014,49,16,15
11/17/2014,45,29,26
11/18/2014,45,32,32
11/19/2014,53,30,31
11/20/2014,51,51,78
11/21/2014,48,46,52
11/22/2014,53,48,63
11/23/2014,45,38,37
11/24/2014,42,34,29
11/25/2014,43,34,34
11/26/2014,43,42,37
11/27/2014,45,43,42
11/28/2014,43,41,44
11/29/2014,53,50,78
11/30/2014,52,46,67
12/1/2014,54,53,63
12/2/2014,54,53,84
12/3/2014,58,56,84
12/4/2014,56,54,59
12/5/2014,54,54,73
12/6/2014,58,54,57
12/7/2014,52,51,78
12/8/2014,50,49,53
12/9/2014,53,53,78
12/10/2014,55,51,63
12/11/2014,51,49,56
12/12/2014,49,47,72
12/13/2014,42,42,72
12/14/2014,44,43,55
12/15/2014,50,47,72
12/16/2014,50,46,56
12/17/2014,48,45,67
12/18/2014,52,46,60
12/19/2014,53,48,72
12/20/2014,55,51,72
12/21/2014,56,52,72
12/22/2014,52,50,67
12/23/2014,49,47,49
12/24/2014,48,37,63
12/25/2014,44,33,40
12/26/2014,40,28,33
12/27/2014,35,30,38
12/28/2014,38,34,51
12/29/2014,41,36,59
12/30/2014,37,14,24
12/31/2014,37,8,15
1/1/2015,32,16,26
1/2/2015,32,25,38
1/3/2015,31,28,41
1/4/2015,36,32,47
1/5/2015,38,34,44
1/6/2015,41,36,46
1/7/2015,39,37,40
1/8/2015,44,40,62
1/9/2015,47,44,48
1/10/2015,46,45,64
1/11/2015,42,39,77
1/12/2015,41,39,64
1/13/2015,41,37,39
1/14/2015,37,33,47
1/15/2015,39,38,51
1/16/2015,44,43,56
1/17/2015,47,45,69
1/18/2015,48,46,78
1/19/2015,46,44,64
1/20/2015,45,40,49
1/21/2015,42,38,46
1/22/2015,41,36,57
1/23/2015,40,37,34
1/24/2015,48,33,26
1/25/2015,44,40,40
1/26/2015,42,37,44
1/27/2015,50,41,37
1/28/2015,44,42,45
1/29/2015,45,42,52
1/30/2015,48,45,60
1/31/2015,45,25,16
2/1/2015,40,31,34
2/2/2015,44,40,49
2/3/2015,48,44,47
2/4/2015,47,44,63
2/5/2015,49,45,55
2/6/2015,59,43,51
2/7/2015,58,54,68
2/8/2015,57,49,63
2/9/2015,52,46,52
2/10/2015,45,42,51
2/11/2015,43,41,45
2/12/2015,47,45,44
2/13/2015,48,45,46
2/14/2015,47,44,53
2/15/2015,45,41,31
2/16/2015,47,41,41
2/17/2015,54,47,77
2/18/2015,52,46,63
2/19/2015,52,50,63
2/20/2015,52,46,44
2/21/2015,46,39,33
2/22/2015,48,24,26
2/23/2015,46,19,23
2/24/2015,38,18,16
2/25/2015,39,32,37
2/26/2015,45,42,45
2/27/2015,52,41,51
2/28/2015,45,39,53
3/1/2015,40,36,36
3/2/2015,42,37,46
3/3/2015,41,39,48
3/4/2015,43,32,28
3/5/2015,43,37,31
3/6/2015,42,37,35
3/7/2015,44,36,33
3/8/2015,51,46,48
3/9/2015,51,48,55
3/10/2015,51,48,67
3/11/2015,54,46,45
3/12/2015,51,46,49
3/13/2015,50,48,38
3/14/2015,54,40,33
3/15/2015,57,37,31
3/16/2015,53,40,44
3/17/2015,52,42,42
3/18/2015,48,42,40
3/19/2015,49,39,27
3/20/2015,49,41,36
3/21/2015,50,43,47
3/22/2015,55,45,48
3/23/2015,53,37,44
3/24/2015,50,42,58
3/25/2015,50,47,41
3/26/2015,52,47,33
3/27/2015,55,48,68
3/28/2015,50,45,32
3/29/2015,47,45,36
3/30/2015,51,44,45
3/31/2015,50,37,37
4/1/2015,47,32,34
4/2/2015,45,25,20
4/3/2015,44,26,25
4/4/2015,43,33,31
4/5/2015,44,35,39
4/6/2015,41,33,34
4/7/2015,48,37,42
4/8/2015,48,39,43
4/9/2015,45,35,32
4/10/2015,47,36,42
4/11/2015,47,36,38
4/12/2015,48,44,33
4/13/2015,52,39,42
4/14/2015,48,26,24
4/15/2015,49,31,22
4/16/2015,51,26,16
4/17/2015,51,33,21
4/18/2015,53,46,47
4/19/2015,52,47,58
4/20/2015,54,48,63
4/21/2015,54,46,52
4/22/2015,50,45,52
4/23/2015,53,42,48
4/24/2015,50,34,34
4/25/2015,52,38,48
4/26/2015,48,35,33
4/27/2015,52,47,29
4/28/2015,54,49,47
4/29/2015,55,49,32
4/30/2015,57,40,15
5/1/2015,,,
5/2/2015,,,
5/3/2015,,,
5/4/2015,53,44,52
5/5/2015,50,40,40
5/6/2015,48,38,37
5/7/2015,49,38,44
5/8/2015,49,45,45
5/9/2015,52,47,60
5/10/2015,53,46,60
5/11/2015,48,42,52
5/12/2015,48,35,36
5/13/2015,50,39,40
5/14/2015,52,44,48
5/15/2015,49,45,48
5/16/2015,52,46,52
5/17/2015,55,45,52
5/18/2015,54,46,60
5/19/2015,54,46,52
5/20/2015,55,46,56
5/21/2015,55,48,52
5/22/2015,54,49,56
5/23/2015,54,46,56
5/24/2015,51,46,58
5/25/2015,55,48,58
5/26/2015,55,48,58
5/27/2015,55,48,55
5/28/2015,54,49,63
5/29/2015,55,50,67
5/30/2015,54,51,63
5/31/2015,55,47,58
6/1/2015,56,48,49
6/2/2015,57,47,49
6/3/2015,53,48,47
6/4/2015,52,47,46
6/5/2015,53,50,53
6/6/2015,57,52,53
6/7/2015,60,56,50
6/8/2015,61,55,34
6/9/2015,61,56,48
6/10/2015,62,59,73
6/11/2015,60,57,56
6/12/2015,60,57,45
6/13/2015,59,55,54
6/14/2015,56,50,61
6/15/2015,55,50,63
6/16/2015,55,50,57
6/17/2015,54,52,53
6/18/2015,56,49,44
6/19/2015,54,49,46
6/20/2015,56,51,53
6/21/2015,56,49,51
6/22/2015,55,50,63
6/23/2015,55,44,40
6/24/2015,54,49,46
6/25/2015,60,53,32
6/26/2015,60,55,52
6/27/2015,59,53,53
6/28/2015,62,57,57
6/29/2015,59,54,53
6/30/2015,61,53,32
7/1/2015,63,57,49
7/2/2015,64,59,54
7/3/2015,62,59,54
7/4/2015,63,59,60
7/5/2015,61,56,54
7/6/2015,63,55,54
7/7/2015,60,53,47
7/8/2015,59,53,53
7/9/2015,61,53,61
7/10/2015,62,54,57
7/11/2015,57,52,47
7/12/2015,62,52,50
7/13/2015,58,53,48
7/14/2015,59,55,53
7/15/2015,59,53,45
7/16/2015,59,55,51
7/17/2015,62,57,52
7/18/2015,61,55,50
7/19/2015,65,57,40
7/20/2015,65,57,44
7/21/2015,63,57,61
7/22/2015,60,50,49
7/23/2015,57,50,49
7/24/2015,56,48,46
7/25/2015,59,52,66
7/26/2015,59,51,39
7/27/2015,59,51,36
7/28/2015,60,54,32
7/29/2015,64,53,40
7/30/2015,64,60,58
7/31/2015,64,58,64
8/1/2015,64,58,54
8/2/2015,63,56,57
8/3/2015,62,52,43
8/4/2015,59,51,46
8/5/2015,60,53,54
8/6/2015,61,58,60
8/7/2015,60,54,48
8/8/2015,62,53,53
8/9/2015,57,51,57
8/10/2015,59,55,53
8/11/2015,61,52,50
8/12/2015,59,51,42
8/13/2015,61,54,45
8/14/2015,63,55,50
8/15/2015,58,50,23
8/16/2015,66,49,22
8/17/2015,62,55,45
8/18/2015,60,55,54
8/19/2015,64,55,57
8/20/2015,63,55,57
8/21/2015,61,55,57
8/22/2015,61,55,54
8/23/2015,63,56,57
8/24/2015,61,55,57
8/25/2015,59,55,57
8/26/2015,61,54,37
8/27/2015,63,48,26
8/28/2015,64,53,34
8/29/2015,64,52,49
8/30/2015,61,51,47
8/31/2015,61,52,42
9/1/2014,58,50,31
9/2/2014,59,56,50
9/3/2014,58,53,45
9/4/2014,59,54,42
9/5/2014,57,54,49
9/6/2014,58,53,50
9/7/2014,58,53,53
9/8/2014,56,51,53
9/9/2014,54,50,46
9/10/2014,55,46,24
9/11/2014,57,44,22
9/12/2014,59,48,29
9/13/2014,60,57,45
9/14/2014,59,48,35
9/15/2014,60,51,43
9/16/2014,56,42,26
9/17/2014,59,46,30
9/18/2014,64,53,42
9/19/2014,63,59,58
9/20/2014,62,57,54
9/21/2014,62,56,57
9/22/2014,62,52,39
9/23/2014,59,55,50
9/24/2014,62,57,52
9/25/2014,57,54,53
9/26/2014,57,47,41
9/27/2014,59,52,49
9/28/2014,58,53,46
9/29/2014,58,55,57
9/30/2014,54,44,33
10/1/2014,55,36,15
10/2/2014,53,35,16
10/3/2014,58,37,16
10/4/2014,58,32,13
10/5/2014,58,38,17
10/6/2014,56,38,17
10/7/2014,56,43,26
10/8/2014,55,42,24
10/9/2014,55,52,53
10/10/2014,56,53,59
10/11/2014,53,48,38
10/12/2014,54,28,12
10/13/2014,55,25,12
10/14/2014,55,51,49
10/15/2014,58,48,41
10/16/2014,54,43,40
10/17/2014,51,44,36
10/18/2014,54,48,35
10/19/2014,55,53,54
10/20/2014,54,50,59
10/21/2014,48,41,37
10/22/2014,48,42,37
10/23/2014,55,50,44
10/24/2014,51,49,41
10/25/2014,56,48,47
10/26/2014,51,40,37
10/27/2014,46,41,37
10/28/2014,47,39,31
10/29/2014,50,46,33
10/30/2014,55,36,20
10/31/2014,53,52,72
11/1/2014,48,44,55
11/2/2014,45,40,43
11/3/2014,43,35,28
11/4/2014,45,43,42
11/5/2014,47,43,33
11/6/2014,49,46,38
11/7/2014,51,51,57
11/8/2014,49,48,44
11/9/2014,49,46,38
11/10/2014,46,46,53
11/11/2014,52,45,52
11/12/2014,54,43,42
11/13/2014,53,52,67
11/14/2014,51,46,60
11/15/2014,49,45,56
11/16/2014,45,14,13
11/17/2014,40,29,26
11/18/2014,44,33,31
11/19/2014,52,28,27
11/20/2014,50,50,86
11/21/2014,47,45,52
11/22/2014,50,46,75
11/23/2014,45,35,34
11/24/2014,38,34,31
11/25/2014,40,31,28
11/26/2014,41,38,36
11/27/2014,43,40,37
11/28/2014,39,34,40
11/29/2014,51,48,72
11/30/2014,50,46,77
12/1/2014,50,51,68
12/2/2014,54,54,84
12/3/2014,57,55,84
12/4/2014,55,54,68
12/5/2014,55,54,73
12/6/2014,56,54,63
12/7/2014,51,51,67
12/8/2014,49,49,49
12/9/2014,51,51,73
12/10/2014,52,50,65
12/11/2014,50,49,60
12/12/2014,46,45,72
12/13/2014,43,43,72
12/14/2014,43,42,55
12/15/2014,50,46,77
12/16/2014,48,43,51
12/17/2014,45,45,67
12/18/2014,50,46,60
12/19/2014,52,47,72
12/20/2014,54,49,64
12/21/2014,56,52,80
12/22/2014,52,52,72
12/23/2014,49,46,52
12/24/2014,45,38,66
12/25/2014,43,24,30
12/26/2014,40,24,30
12/27/2014,33,28,35
12/28/2014,37,34,47
12/29/2014,43,37,55
12/30/2014,37,10,20
12/31/2014,37,4,13
1/1/2015,30,18,28
1/2/2015,31,25,35
1/3/2015,31,28,41
1/4/2015,34,32,47
1/5/2015,35,33,43
1/6/2015,39,36,39
1/7/2015,37,35,33
1/8/2015,44,41,55
1/9/2015,48,43,48
1/10/2015,46,44,60
1/11/2015,44,43,83
1/12/2015,41,39,60
1/13/2015,43,35,34
1/14/2015,39,34,46
1/15/2015,39,38,51
1/16/2015,42,41,51
1/17/2015,47,46,69
1/18/2015,47,46,72
1/19/2015,45,44,67
1/20/2015,42,41,51
1/21/2015,38,34,37
1/22/2015,38,34,61
1/23/2015,37,35,34
1/24/2015,39,34,28
1/25/2015,38,35,48
1/26/2015,39,36,40
1/27/2015,49,38,37
1/28/2015,44,41,45
1/29/2015,42,40,56
1/30/2015,47,43,42
1/31/2015,43,23,19
2/1/2015,39,32,34
2/2/2015,42,37,45
2/3/2015,48,44,44
2/4/2015,44,41,41
2/5/2015,51,45,52
2/6/2015,57,42,51
2/7/2015,58,55,78
2/8/2015,57,51,72
2/9/2015,51,46,56
2/10/2015,44,42,56
2/11/2015,41,39,45
2/12/2015,44,42,44
2/13/2015,47,40,26
2/14/2015,46,44,41
2/15/2015,44,41,33
2/16/2015,47,42,44
2/17/2015,54,48,72
2/18/2015,53,46,63
2/19/2015,53,51,63
2/20/2015,51,46,44
2/21/2015,45,40,33
2/22/2015,46,23,27
2/23/2015,45,14,20
2/24/2015,35,19,16
2/25/2015,40,30,37
2/26/2015,46,41,39
2/27/2015,51,41,55
2/28/2015,44,37,51
3/1/2015,39,36,36
3/2/2015,43,38,55
3/3/2015,39,37,48
3/4/2015,41,25,20
3/5/2015,41,35,25
3/6/2015,44,37,31
3/7/2015,44,36,31
3/8/2015,49,45,44
3/9/2015,51,47,47
3/10/2015,49,46,46
3/11/2015,53,47,48
3/12/2015,51,46,49
3/13/2015,51,47,36
3/14/2015,54,31,14
3/15/2015,56,36,21
3/16/2015,53,40,47
3/17/2015,52,41,37
3/18/2015,47,42,38
3/19/2015,48,40,26
3/20/2015,48,33,27
3/21/2015,49,42,35
3/22/2015,55,42,40
3/23/2015,53,38,42
3/24/2015,50,41,52
3/25/2015,50,47,38
3/26/2015,52,44,26
3/27/2015,55,48,55
3/28/2015,49,42,29
3/29/2015,46,41,29
3/30/2015,50,44,53
3/31/2015,50,37,37
4/1/2015,47,33,34
4/2/2015,44,28,22
4/3/2015,44,29,20
4/4/2015,41,32,39
4/5/2015,43,34,43
4/6/2015,41,33,34
4/7/2015,47,36,39
4/8/2015,48,37,43
4/9/2015,44,30,26
4/10/2015,46,31,33
4/11/2015,45,37,37
4/12/2015,47,42,31
4/13/2015,51,40,46
4/14/2015,47,20,18
4/15/2015,46,30,22
4/16/2015,48,28,16
4/17/2015,50,33,19
4/18/2015,51,44,41
4/19/2015,50,46,51
4/20/2015,55,48,55
4/21/2015,55,46,52
4/22/2015,53,46,47
4/23/2015,53,44,47
4/24/2015,50,37,37
4/25/2015,52,39,48
4/26/2015,48,37,29
4/27/2015,52,46,27
4/28/2015,53,48,51
4/29/2015,52,47,44
4/30/2015,50,35,20
5/1/2015,57,41,25
5/2/2015,51,47,46
5/3/2015,51,46,48
5/4/2015,50,43,55
5/5/2015,50,41,40
5/6/2015,48,42,44
5/7/2015,48,42,53
5/8/2015,50,45,41
5/9/2015,54,46,52
5/10/2015,54,46,48
5/11/2015,50,40,52
5/12/2015,46,36,34
5/13/2015,48,39,42
5/14/2015,53,43,42
5/15/2015,52,45,52
5/16/2015,50,44,52
5/17/2015,55,45,56
5/18/2015,54,46,56
5/19/2015,54,46,60
5/20/2015,55,45,52
5/21/2015,55,46,48
5/22/2015,54,46,58
5/23/2015,55,46,52
5/24/2015,52,46,45
5/25/2015,56,48,55
5/26/2015,57,48,55
5/27/2015,57,48,49
5/28/2015,55,49,58
5/29/2015,54,50,57
5/30/2015,53,50,53
5/31/2015,57,48,53
6/1/2015,54,47,49
6/2/2015,58,49,55
6/3/2015,53,47,47
6/4/2015,53,47,44
6/5/2015,54,49,46
6/6/2015,55,51,42
6/7/2015,60,54,42
6/8/2015,60,49,29
6/9/2015,60,49,37
6/10/2015,62,59,66
6/11/2015,60,56,54
6/12/2015,58,54,37
6/13/2015,59,52,42
6/14/2015,55,50,46
6/15/2015,54,50,58
6/16/2015,53,48,46
6/17/2015,53,49,42
6/18/2015,53,45,35
6/19/2015,52,46,32
6/20/2015,56,51,42
6/21/2015,56,48,44
6/22/2015,55,51,53
6/23/2015,54,47,40
6/24/2015,55,48,37
6/25/2015,58,51,29
6/26/2015,61,49,43
6/27/2015,57,50,37
6/28/2015,61,56,57
6/29/2015,59,54,47
6/30/2015,61,51,26
7/1/2015,62,50,31
7/2/2015,63,58,54
7/3/2015,62,56,51
7/4/2015,62,57,54
7/5/2015,60,55,47
7/6/2015,63,56,50
7/7/2015,61,55,54
7/8/2015,60,53,53
7/9/2015,61,52,53
7/10/2015,61,53,57
7/11/2015,58,52,53
7/12/2015,61,52,46
7/13/2015,60,54,50
7/14/2015,59,55,53
7/15/2015,60,54,40
7/16/2015,58,55,40
7/17/2015,59,54,47
7/18/2015,58,53,46
7/19/2015,64,54,38
7/20/2015,64,55,43
7/21/2015,62,56,54
7/22/2015,59,54,53
7/23/2015,57,51,49
7/24/2015,55,46,39
7/25/2015,58,53,57
7/26/2015,60,52,47
7/27/2015,58,50,32
7/28/2015,60,42,19
7/29/2015,64,47,23
7/30/2015,63,58,54
7/31/2015,63,58,50
8/1/2015,61,56,45
8/2/2015,63,55,50
8/3/2015,61,52,46
8/4/2015,58,51,46
8/5/2015,58,52,45
8/6/2015,61,57,50
8/7/2015,60,54,40
8/8/2015,60,54,48
8/9/2015,57,52,43
8/10/2015,60,54,47
8/11/2015,60,54,43
8/12/2015,57,51,39
8/13/2015,64,52,39
8/14/2015,64,55,45
8/15/2015,59,47,20
8/16/2015,66,50,21
8/17/2015,63,52,26
8/18/2015,58,55,48
8/19/2015,61,54,49
8/20/2015,62,57,57
8/21/2015,60,55,50
8/22/2015,59,55,45
8/23/2015,60,55,54
8/24/2015,62,57,50
8/25/2015,59,57,52
8/26/2015,59,40,20
8/27/2015,63,40,18
8/28/2015,64,52,26
8/29/2015,64,54,47
8/30/2015,62,53,43
8/31/2015,59,51,32