date,max_temperature_f,max_dew_point_f,max_humidity
8/29/2013,74,61,93
8/30/2013,78,61,90
8/31/2013,71,57,93
9/1/2013,74,60,87
9/2/2013,75,61,93
9/3/2013,73,59,84
9/4/2013,74,59,90
9/5/2013,72,57,90
9/6/2013,85,57,86
9/7/2013,88,64,86
9/8/2013,74,58,86
9/9/2013,76,58,90
9/10/2013,74,59,93
9/11/2013,74,57,78
9/12/2013,71,58,84
9/13/2013,66,55,93
9/14/2013,66,55,87
9/15/2013,73,59,90
9/16/2013,71,58,90
9/17/2013,68,55,86
9/18/2013,78,55,78
9/19/2013,80,56,77
9/20/2013,73,59,87
9/21/2013,68,59,90
9/22/2013,70,55,93
9/23/2013,78,58,78
9/24/2013,71,54,78
9/25/2013,67,51,83
9/26/2013,71,46,72
9/27/2013,78,47,67
9/28/2013,78,55,84
9/29/2013,75,59,87
9/30/2013,73,60,87
10/1/2013,69,50,77
10/2/2013,69,49,77
10/3/2013,70,44,66
10/4/2013,76,51,53
10/5/2013,80,52,56
10/6/2013,83,52,66
10/7/2013,80,49,72
10/8/2013,72,50,77
10/9/2013,68,48,83
10/10/2013,70,52,77
10/11/2013,63,49,83
10/12/2013,64,50,89
10/13/2013,73,51,89
10/14/2013,77,50,71
10/15/2013,80,50,61
10/16/2013,80,54,63
10/17/2013,81,53,72
10/18/2013,68,52,83
10/19/2013,74,52,86
10/20/2013,64,52,93
10/21/2013,61,50,93
10/22/2013,64,51,100
10/23/2013,61,51,93
10/24/2013,60,48,83
10/25/2013,67,50,86
10/26/2013,70,53,89
10/27/2013,60,49,89
10/28/2013,61,48,83
10/29/2013,63,48,83
10/30/2013,65,50,83
10/31/2013,70,51,71
11/1/2013,74,53,77
11/2/2013,63,51,89
11/3/2013,63,45,77
11/4/2013,67,43,80
11/5/2013,71,45,66
11/6/2013,70,49,72
11/7/2013,71,51,80
11/8/2013,70,53,100
11/9/2013,66,53,80
11/10/2013,64,51,83
11/11/2013,62,51,83
11/12/2013,70,53,77
11/13/2013,68,55,93
11/14/2013,61,52,96
11/15/2013,65,46,83
11/16/2013,62,50,83
11/17/2013,63,49,89
11/18/2013,60,46,82
11/19/2013,61,55,93
11/20/2013,59,56,93
11/21/2013,62,49,93
11/22/2013,69,39,40
11/23/2013,65,45,71
11/24/2013,60,49,86
11/25/2013,61,46,86
11/26/2013,62,47,86
11/27/2013,62,49,86
11/28/2013,66,51,83
11/29/2013,62,51,77
11/30/2013,63,51,93
12/1/2013,67,50,86
12/2/2013,62,54,96
12/3/2013,56,54,93
12/4/2013,52,31,62
12/5/2013,51,31,64
12/6/2013,53,48,80
12/7/2013,52,48,89
12/8/2013,47,31,70
12/9/2013,52,31,70
12/10/2013,52,35,70
12/11/2013,57,36,85
12/12/2013,54,44,86
12/13/2013,53,45,89
12/14/2013,61,42,85
12/15/2013,60,44,76
12/16/2013,65,44,77
12/17/2013,59,46,77
12/18/2013,57,46,77
12/19/2013,59,43,77
12/20/2013,60,43,71
12/21/2013,60,47,86
12/22/2013,65,47,89
12/23/2013,60,45,80
12/24/2013,59,47,76
12/25/2013,63,44,76
12/26/2013,62,46,83
12/27/2013,57,45,76
12/28/2013,63,45,85
12/29/2013,68,37,71
12/30/2013,59,46,86
12/31/2013,59,45,93
1/1/2014,56,45,83
1/2/2014,62,45,80
1/3/2014,64,46,80
1/4/2014,66,46,93
1/5/2014,66,38,65
1/6/2014,60,45,71
1/7/2014,61,52,86
1/8/2014,59,51,86
1/9/2014,60,50,89
1/10/2014,60,48,89
1/11/2014,58,51,93
1/12/2014,60,47,93
1/13/2014,67,44,71
1/14/2014,72,42,71
1/15/2014,73,40,71
1/16/2014,73,44,71
1/17/2014,67,45,71
1/18/2014,67,47,77
1/19/2014,67,44,76
1/20/2014,66,48,76
1/21/2014,68,44,76
1/22/2014,65,47,77
1/23/2014,69,47,80
1/24/2014,64,47,80
1/25/2014,65,48,83
1/26/2014,66,48,83
1/27/2014,59,48,83
1/28/2014,65,57,90
1/29/2014,63,57,93
1/30/2014,58,51,93
1/31/2014,60,46,86
2/1/2014,59,43,82
2/2/2014,58,44,86
2/3/2014,56,43,82
2/4/2014,55,44,83
2/5/2014,55,46,86
2/6/2014,52,52,100
2/7/2014,56,54,100
2/8/2014,59,58,100
2/9/2014,59,58,100
2/10/2014,57,54,100
2/11/2014,56,51,100
2/12/2014,56,51,100
2/13/2014,67,57,100
2/14/2014,66,55,100
2/15/2014,62,55,93
2/16/2014,63,54,93
2/17/2014,61,49,86
2/18/2014,62,53,93
2/19/2014,62,54,93
2/20/2014,67,47,86
2/21/2014,69,51,86
2/22/2014,66,52,93
2/23/2014,63,52,93
2/24/2014,71,53,89
2/25/2014,62,53,89
2/26/2014,60,56,93
2/27/2014,62,52,89
2/28/2014,63,54,86
8/29/2013,80,63,94
8/30/2013,86,64,94
8/31/2013,77,59,88
9/1/2013,80,61,82
9/2/2013,77,64,88
9/3/2013,77,59,83
9/4/2013,75,57,82
9/5/2013,75,57,82
9/6/2013,89,59,88
9/7/2013,91,61,77
9/8/2013,78,61,88
9/9/2013,87,63,88
9/10/2013,77,63,88
9/11/2013,75,59,82
9/12/2013,75,61,88
9/13/2013,75,59,88
9/14/2013,66,57,94
9/15/2013,77,59,83
9/16/2013,77,61,94
9/17/2013,69,55,82
9/18/2013,82,55,77
9/19/2013,86,57,82
9/20/2013,75,59,88
9/21/2013,66,59,88
9/22/2013,71,55,94
9/23/2013,80,57,82
9/24/2013,71,55,82
9/25/2013,66,61,88
9/26/2013,73,46,72
9/27/2013,77,48,77
9/28/2013,80,64,82
9/29/2013,75,59,88
9/30/2013,73,61,88
10/1/2013,71,50,77
10/2/2013,71,55,77
10/3/2013,71,41,58
10/4/2013,77,48,51
10/5/2013,82,46,51
10/6/2013,82,55,68
10/7/2013,82,52,63
10/8/2013,73,54,82
10/9/2013,68,50,87
10/10/2013,68,50,77
10/11/2013,64,52,88
10/12/2013,66,54,94
10/13/2013,73,52,87
10/14/2013,77,46,82
10/15/2013,78,45,76
10/16/2013,80,54,72
10/17/2013,78,54,72
10/18/2013,71,55,82
10/19/2013,77,57,87
10/20/2013,68,54,94
10/21/2013,62,52,94
10/22/2013,66,55,100
10/23/2013,62,54,100
10/24/2013,59,50,88
10/25/2013,66,54,93
10/26/2013,71,55,94
10/27/2013,59,50,94
10/28/2013,60,50,82
10/29/2013,60,52,88
10/30/2013,66,48,93
10/31/2013,71,50,81
11/1/2013,71,52,82
11/2/2013,68,52,82
11/3/2013,62,46,87
11/4/2013,66,41,81
11/5/2013,69,46,71
11/6/2013,69,48,71
11/7/2013,68,50,82
11/8/2013,71,55,100
11/9/2013,68,54,93
11/10/2013,62,50,94
11/11/2013,62,54,88
11/12/2013,69,54,94
11/13/2013,73,55,94
11/14/2013,62,54,100
11/15/2013,64,46,82
11/16/2013,66,50,88
11/17/2013,59,48,93
11/18/2013,59,48,87
11/19/2013,59,55,94
11/20/2013,60,59,100
11/21/2013,62,50,94
11/22/2013,66,41,62
11/23/2013,64,46,87
11/24/2013,62,45,93
11/25/2013,60,48,93
11/26/2013,60,46,93
11/27/2013,62,46,87
11/28/2013,66,48,93
11/29/2013,64,48,87
11/30/2013,60,54,88
12/1/2013,68,50,87
12/2/2013,64,54,94
12/3/2013,57,54,94
12/4/2013,48,30,65
12/5/2013,50,45,93
12/6/2013,51,48,94
12/7/2013,50,46,87
12/8/2013,44,32,93
12/9/2013,50,27,70
12/10/2013,51,37,87
12/11/2013,55,36,87
12/12/2013,55,41,87
12/13/2013,55,45,87
12/14/2013,59,43,87
12/15/2013,59,43,87
12/16/2013,62,45,81
12/17/2013,57,48,82
12/18/2013,55,48,88
12/19/2013,57,45,82
12/20/2013,55,39,71
12/21/2013,62,48,87
12/22/2013,64,48,100
12/23/2013,60,46,87
12/24/2013,66,48,87
12/25/2013,64,45,87
12/26/2013,64,45,87
12/27/2013,57,48,87
12/28/2013,64,48,93
12/29/2013,64,34,70
12/30/2013,57,45,76
12/31/2013,57,48,100
1/1/2014,55,45,93
1/2/2014,60,46,87
1/3/2014,55,46,81
1/4/2014,62,48,100
1/5/2014,62,39,81
1/6/2014,57,46,87
1/7/2014,59,52,88
1/8/2014,57,52,100
1/9/2014,59,50,94
1/10/2014,59,50,94
1/11/2014,57,50,93
1/12/2014,59,46,100
1/13/2014,66,46,81
1/14/2014,69,45,81
1/15/2014,69,41,71
1/16/2014,69,41,71
1/17/2014,62,46,71
1/18/2014,62,46,87
1/19/2014,66,43,76
1/20/2014,64,48,81
1/21/2014,66,41,76
1/22/2014,64,46,82
1/23/2014,66,43,82
1/24/2014,60,46,87
1/25/2014,66,46,81
1/26/2014,68,50,88
1/27/2014,57,50,93
1/28/2014,66,57,94
1/29/2014,64,57,100
1/30/2014,59,50,88
1/31/2014,59,45,87
2/1/2014,57,41,87
2/2/2014,50,46,100
2/3/2014,53,45,100
2/4/2014,53,43,93
2/5/2014,55,46,93
2/6/2014,53,50,100
2/7/2014,57,50,100
2/8/2014,60,57,100
2/9/2014,60,57,100
2/10/2014,59,55,100
2/11/2014,57,50,100
2/12/2014,57,50,100
2/13/2014,68,57,100
2/14/2014,62,55,100
2/15/2014,60,54,100
2/16/2014,62,55,100
2/17/2014,59,48,87
2/18/2014,64,50,93
2/19/2014,62,54,94
2/20/2014,66,45,87
2/21/2014,69,48,82
2/22/2014,68,50,93
2/23/2014,66,52,93
2/24/2014,71,50,93
2/25/2014,62,50,94
2/26/2014,59,55,94
2/27/2014,64,54,82
2/28/2014,62,54,94
8/29/2013,78,62,87
8/30/2013,84,63,93
8/31/2013,76,61,87
9/1/2013,80,62,84
9/2/2013,76,63,87
9/3/2013,79,58,84
9/4/2013,79,59,84
9/5/2013,80,57,84
9/6/2013,88,57,84
9/7/2013,94,60,81
9/8/2013,83,60,84
9/9/2013,83,62,87
9/10/2013,78,63,90
9/11/2013,75,58,78
9/12/2013,73,60,84
9/13/2013,71,59,84
9/14/2013,71,57,84
9/15/2013,77,61,87
9/16/2013,80,59,90
9/17/2013,75,54,80
9/18/2013,82,56,83
9/19/2013,83,57,83
9/20/2013,77,59,86
9/21/2013,70,61,90
9/22/2013,73,55,93
9/23/2013,81,60,83
9/24/2013,76,57,84
9/25/2013,70,49,72
9/26/2013,76,45,66
9/27/2013,79,49,71
9/28/2013,81,55,78
9/29/2013,76,61,87
9/30/2013,76,62,93
10/1/2013,72,53,72
10/2/2013,74,52,83
10/3/2013,74,44,64
10/4/2013,82,35,36
10/5/2013,85,38,54
10/6/2013,82,47,59
10/7/2013,81,52,69
10/8/2013,74,54,77
10/9/2013,69,47,77
10/10/2013,71,51,83
10/11/2013,66,51,86
10/12/2013,69,52,96
10/13/2013,74,49,86
10/14/2013,79,45,74
10/15/2013,81,43,63
10/16/2013,81,51,59
10/17/2013,81,51,63
10/18/2013,75,53,77
10/19/2013,77,54,89
10/20/2013,70,53,93
10/21/2013,67,52,93
10/22/2013,67,54,93
10/23/2013,64,52,93
10/24/2013,60,50,89
10/25/2013,67,51,86
10/26/2013,73,52,93
10/27/2013,64,50,89
10/28/2013,64,48,77
10/29/2013,63,48,80
10/30/2013,67,48,92
10/31/2013,73,49,86
11/1/2013,76,48,80
11/2/2013,67,52,80
11/3/2013,65,45,86
11/4/2013,68,41,76
11/5/2013,74,46,60
11/6/2013,72,43,66
11/7/2013,72,52,86
11/8/2013,69,52,93
11/9/2013,70,51,93
11/10/2013,64,51,93
11/11/2013,65,52,89
11/12/2013,70,52,80
11/13/2013,74,54,100
11/14/2013,61,53,100
11/15/2013,66,48,86
11/16/2013,63,47,83
11/17/2013,62,47,93
11/18/2013,60,47,92
11/19/2013,64,56,93
11/20/2013,65,57,93
11/21/2013,63,50,96
11/22/2013,70,34,50
11/23/2013,65,41,71
11/24/2013,64,43,83
11/25/2013,65,46,86
11/26/2013,62,47,86
11/27/2013,63,47,89
11/28/2013,68,47,86
11/29/2013,68,47,86
11/30/2013,67,49,83
12/1/2013,67,47,92
12/2/2013,63,52,89
12/3/2013,56,50,83
12/4/2013,52,31,64
12/5/2013,51,25,70
12/6/2013,56,47,77
12/7/2013,51,46,86
12/8/2013,46,31,82
12/9/2013,51,25,64
12/10/2013,53,30,76
12/11/2013,56,32,76
12/12/2013,59,37,82
12/13/2013,60,42,85
12/14/2013,61,40,85
12/15/2013,61,38,85
12/16/2013,67,39,85
12/17/2013,61,41,79
12/18/2013,58,46,86
12/19/2013,59,43,92
12/20/2013,61,28,54
12/21/2013,60,47,93
12/22/2013,68,45,100
12/23/2013,62,43,85
12/24/2013,71,42,86
12/25/2013,65,42,85
12/26/2013,68,43,85
12/27/2013,59,42,85
12/28/2013,67,42,92
12/29/2013,68,32,62
12/30/2013,63,36,70
12/31/2013,59,43,100
1/1/2014,59,42,85
1/2/2014,66,40,79
1/3/2014,62,40,71
1/4/2014,67,46,92
1/5/2014,66,35,65
1/6/2014,61,40,73
1/7/2014,62,43,80
1/8/2014,58,52,96
1/9/2014,61,52,93
1/10/2014,64,49,89
1/11/2014,59,49,93
1/12/2014,60,45,93
1/13/2014,68,36,65
1/14/2014,74,35,65
1/15/2014,72,35,65
1/16/2014,73,37,62
1/17/2014,68,42,65
1/18/2014,71,38,70
1/19/2014,67,38,70
1/20/2014,71,38,76
1/21/2014,68,41,67
1/22/2014,74,47,86
1/23/2014,68,41,83
1/24/2014,66,42,76
1/25/2014,72,42,76
1/26/2014,70,48,89
1/27/2014,62,49,100
1/28/2014,66,57,90
1/29/2014,68,58,100
1/30/2014,62,50,83
1/31/2014,61,46,82
2/1/2014,60,39,79
2/2/2014,55,43,86
2/3/2014,57,42,86
2/4/2014,55,39,85
2/5/2014,57,43,85
2/6/2014,56,49,93
2/7/2014,56,50,86
2/8/2014,65,54,86
2/9/2014,67,54,78
2/10/2014,61,55,93
2/11/2014,60,52,100
2/12/2014,61,50,93
2/13/2014,70,56,100
2/14/2014,64,56,100
2/15/2014,64,52,93
2/16/2014,64,54,89
2/17/2014,62,46,82
2/18/2014,65,49,89
2/19/2014,65,52,93
2/20/2014,69,45,80
2/21/2014,73,47,76
2/22/2014,71,49,86
2/23/2014,68,49,93
2/24/2014,74,50,86
2/25/2014,64,49,86
2/26/2014,62,56,93
2/27/2014,66,51,83
2/28/2014,64,54,93
8/29/2013,80,65,83
8/30/2013,87,66,84
8/31/2013,78,62,83
9/1/2013,81,62,80
9/2/2013,80,64,80
9/3/2013,81,60,82
9/4/2013,82,61,81
9/5/2013,81,59,81
9/6/2013,90,62,80
9/7/2013,95,64,71
9/8/2013,85,64,81
9/9/2013,85,64,81
9/10/2013,81,62,82
9/11/2013,77,60,81
9/12/2013,75,61,78
9/13/2013,73,60,79
9/14/2013,73,60,82
9/15/2013,79,61,80
9/16/2013,81,62,83
9/17/2013,76,56,81
9/18/2013,84,58,81
9/19/2013,86,60,81
9/20/2013,78,60,81
9/21/2013,70,59,81
9/22/2013,74,56,87
9/23/2013,82,59,83
9/24/2013,77,54,80
9/25/2013,72,48,73
9/26/2013,76,45,76
9/27/2013,80,48,77
9/28/2013,81,54,71
9/29/2013,77,60,82
9/30/2013,76,61,83
10/1/2013,73,54,78
10/2/2013,75,55,82
10/3/2013,74,46,74
10/4/2013,81,42,50
10/5/2013,85,43,66
10/6/2013,84,52,65
10/7/2013,82,52,64
10/8/2013,75,54,75
10/9/2013,70,48,77
10/10/2013,72,51,75
10/11/2013,67,53,82
10/12/2013,68,54,84
10/13/2013,74,50,84
10/14/2013,79,47,79
10/15/2013,80,44,74
10/16/2013,82,46,69
10/17/2013,81,49,69
10/18/2013,77,55,81
10/19/2013,78,57,85
10/20/2013,71,56,84
10/21/2013,68,54,81
10/22/2013,69,56,84
10/23/2013,65,54,84
10/24/2013,62,50,82
10/25/2013,68,53,86
10/26/2013,75,57,87
10/27/2013,65,51,83
10/28/2013,66,47,74
10/29/2013,63,49,77
10/30/2013,67,50,84
10/31/2013,72,50,81
11/1/2013,75,49,82
11/2/2013,68,54,84
11/3/2013,64,44,83
11/4/2013,66,42,80
11/5/2013,73,43,71
11/6/2013,72,45,72
11/7/2013,72,49,75
11/8/2013,69,54,85
11/9/2013,70,52,85
11/10/2013,64,51,84
11/11/2013,66,52,81
11/12/2013,71,53,78
11/13/2013,74,56,83
11/14/2013,63,53,84
11/15/2013,66,47,84
11/16/2013,64,48,82
11/17/2013,62,48,85
11/18/2013,60,48,84
11/19/2013,65,53,85
11/20/2013,64,57,88
11/21/2013,61,49,86
11/22/2013,67,35,68
11/23/2013,64,40,73
11/24/2013,64,46,80
11/25/2013,64,46,83
11/26/2013,63,49,83
11/27/2013,64,48,83
11/28/2013,67,48,82
11/29/2013,67,48,82
11/30/2013,64,51,83
12/1/2013,65,50,84
12/2/2013,62,51,87
12/3/2013,56,48,82
12/4/2013,52,30,74
12/5/2013,51,26,72
12/6/2013,57,44,80
12/7/2013,50,44,80
12/8/2013,46,29,76
12/9/2013,50,26,65
12/10/2013,52,32,74
12/11/2013,55,35,76
12/12/2013,57,36,76
12/13/2013,58,42,77
12/14/2013,60,40,80
12/15/2013,59,41,79
12/16/2013,63,42,79
12/17/2013,63,42,78
12/18/2013,59,46,77
12/19/2013,58,40,80
12/20/2013,60,28,67
12/21/2013,60,47,76
12/22/2013,65,45,85
12/23/2013,62,44,79
12/24/2013,68,46,80
12/25/2013,63,44,80
12/26/2013,66,45,80
12/27/2013,59,44,79
12/28/2013,64,41,83
12/29/2013,66,34,67
12/30/2013,63,39,72
12/31/2013,58,43,81
1/1/2014,59,44,80
1/2/2014,64,43,81
1/3/2014,62,43,76
1/4/2014,64,46,84
1/5/2014,64,39,68
1/6/2014,60,42,74
1/7/2014,61,46,76
1/8/2014,59,49,84
1/9/2014,60,50,86
1/10/2014,63,50,86
1/11/2014,59,50,86
1/12/2014,59,45,84
1/13/2014,67,43,76
1/14/2014,71,38,71
1/15/2014,70,41,69
1/16/2014,70,42,70
1/17/2014,68,44,74
1/18/2014,69,43,73
1/19/2014,68,43,72
1/20/2014,69,40,77
1/21/2014,68,42,74
1/22/2014,71,44,70
1/23/2014,66,39,78
1/24/2014,64,44,75
1/25/2014,72,45,76
1/26/2014,70,45,75
1/27/2014,62,48,83
1/28/2014,66,56,82
1/29/2014,68,58,86
1/30/2014,64,49,82
1/31/2014,61,45,82
2/1/2014,60,39,78
2/2/2014,54,43,79
2/3/2014,57,43,80
2/4/2014,56,41,79
2/5/2014,58,42,80
2/6/2014,56,47,84
2/7/2014,55,49,84
2/8/2014,65,56,85
2/9/2014,67,55,80
2/10/2014,61,53,85
2/11/2014,62,50,86
2/12/2014,63,50,82
2/13/2014,70,58,86
2/14/2014,64,55,88
2/15/2014,62,53,86
2/16/2014,64,51,83
2/17/2014,62,45,82
2/18/2014,66,49,84
2/19/2014,67,48,83
2/20/2014,69,45,80
2/21/2014,73,47,80
2/22/2014,71,50,81
2/23/2014,70,52,80
2/24/2014,75,51,85
2/25/2014,66,51,80
2/26/2014,62,53,86
2/27/2014,69,52,84
2/28/2014,62,52,85
8/29/2013,81,62,87
8/30/2013,88,63,93
8/31/2013,80,59,90
9/1/2013,81,61,84
9/2/2013,79,62,81
9/3/2013,80,60,84
9/4/2013,79,58,84
9/5/2013,78,56,80
9/6/2013,89,56,78
9/7/2013,95,61,73
9/8/2013,88,61,90
9/9/2013,88,60,90
9/10/2013,82,60,87
9/11/2013,77,58,84
9/12/2013,76,59,84
9/13/2013,74,58,87
9/14/2013,72,56,87
9/15/2013,78,59,90
9/16/2013,79,59,90
9/17/2013,75,54,80
9/18/2013,83,53,83
9/19/2013,87,50,77
9/20/2013,76,58,80
9/21/2013,70,61,100
9/22/2013,72,55,93
9/23/2013,80,61,86
9/24/2013,75,58,93
9/25/2013,70,50,77
9/26/2013,74,50,77
9/27/2013,78,45,80
9/28/2013,82,57,90
9/29/2013,77,61,93
9/30/2013,77,61,100
10/1/2013,72,53,78
10/2/2013,76,53,83
10/3/2013,73,47,72
10/4/2013,82,33,37
10/5/2013,85,37,50
10/6/2013,83,40,50
10/7/2013,81,47,62
10/8/2013,75,49,83
10/9/2013,68,48,89
10/10/2013,74,51,86
10/11/2013,67,51,93
10/12/2013,71,50,96
10/13/2013,73,47,93
10/14/2013,78,45,77
10/15/2013,79,44,66
10/16/2013,82,42,59
10/17/2013,80,45,61
10/18/2013,78,53,86
10/19/2013,78,54,83
10/20/2013,74,54,100
10/21/2013,70,55,100
10/22/2013,72,55,100
10/23/2013,67,53,100
10/24/2013,60,52,100
10/25/2013,69,53,93
10/26/2013,75,52,93
10/27/2013,63,52,100
10/28/2013,64,47,77
10/29/2013,63,49,89
10/30/2013,67,48,92
10/31/2013,72,46,93
11/1/2013,77,49,80
11/2/2013,69,52,83
11/3/2013,64,47,93
11/4/2013,67,40,83
11/5/2013,72,40,76
11/6/2013,74,39,65
11/7/2013,74,52,80
11/8/2013,70,51,100
11/9/2013,77,51,93
11/10/2013,65,51,100
11/11/2013,66,53,96
11/12/2013,71,54,86
11/13/2013,74,54,93
11/14/2013,64,54,100
11/15/2013,65,47,93
11/16/2013,63,50,92
11/17/2013,63,48,93
11/18/2013,61,47,92
11/19/2013,65,56,100
11/20/2013,63,57,100
11/21/2013,62,52,100
11/22/2013,69,32,50
11/23/2013,66,44,74
11/24/2013,65,41,89
11/25/2013,65,44,89
11/26/2013,63,44,89
11/27/2013,65,45,92
11/28/2013,68,46,86
11/29/2013,71,45,86
11/30/2013,65,44,89
12/1/2013,67,45,89
12/2/2013,64,52,93
12/3/2013,55,54,100
12/4/2013,52,31,82
12/5/2013,52,25,78
12/6/2013,54,45,86
12/7/2013,49,47,93
12/8/2013,47,30,82
12/9/2013,51,23,75
12/10/2013,53,29,78
12/11/2013,57,31,75
12/12/2013,59,34,82
12/13/2013,59,42,89
12/14/2013,62,36,89
12/15/2013,62,37,92
12/16/2013,67,37,85
12/17/2013,65,40,73
12/18/2013,62,46,93
12/19/2013,58,42,96
12/20/2013,60,25,64
12/21/2013,60,47,86
12/22/2013,67,42,96
12/23/2013,63,40,85
12/24/2013,70,39,86
12/25/2013,67,39,85
12/26/2013,69,40,85
12/27/2013,60,40,89
12/28/2013,66,39,92
12/29/2013,67,31,76
12/30/2013,66,35,75
12/31/2013,59,43,100
1/1/2014,62,36,89
1/2/2014,65,38,82
1/3/2014,64,37,76
1/4/2014,66,44,82
1/5/2014,66,33,70
1/6/2014,62,37,70
1/7/2014,63,44,80
1/8/2014,58,50,96
1/9/2014,59,52,96
1/10/2014,62,48,86
1/11/2014,59,50,93
1/12/2014,60,46,100
1/13/2014,68,35,70
1/14/2014,76,34,76
1/15/2014,71,34,53
1/16/2014,73,34,62
1/17/2014,69,38,60
1/18/2014,70,34,70
1/19/2014,69,36,64
1/20/2014,69,33,65
1/21/2014,68,37,70
1/22/2014,72,46,86
1/23/2014,67,37,80
1/24/2014,65,42,76
1/25/2014,71,42,76
1/26/2014,71,48,93
1/27/2014,64,50,100
1/28/2014,67,59,93
1/29/2014,68,59,100
1/30/2014,60,50,96
1/31/2014,60,45,86
2/1/2014,60,41,82
2/2/2014,54,46,100
2/3/2014,56,42,89
2/4/2014,56,38,85
2/5/2014,57,43,85
2/6/2014,54,51,100
2/7/2014,55,54,100
2/8/2014,61,54,86
2/9/2014,63,55,93
2/10/2014,62,54,100
2/11/2014,62,52,100
2/12/2014,63,50,93
2/13/2014,69,55,100
2/14/2014,63,56,100
2/15/2014,63,52,93
2/16/2014,63,54,100
2/17/2014,61,46,86
2/18/2014,64,49,89
2/19/2014,63,52,100
2/20/2014,67,44,89
2/21/2014,72,48,83
2/22/2014,71,49,93
2/23/2014,68,50,93
2/24/2014,73,48,89
2/25/2014,66,48,100
2/26/2014,61,57,100
2/27/2014,65,54,83
2/28/2014,62,56,100
3/1/2014,69,54,78
3/2/2014,61,55,83
3/3/2014,61,52,89
3/4/2014,66,54,86
3/5/2014,66,58,93
3/6/2014,65,57,93
3/7/2014,66,50,89
3/8/2014,72,51,93
3/9/2014,71,54,80
3/10/2014,68,55,86
3/11/2014,74,40,61
3/12/2014,78,34,36
3/13/2014,73,49,80
3/14/2014,67,52,83
3/15/2014,77,52,93
3/16/2014,72,52,89
3/17/2014,69,49,77
3/18/2014,70,45,86
3/19/2014,73,48,77
3/20/2014,70,51,77
3/21/2014,63,47,86
3/22/2014,65,47,83
3/23/2014,65,48,83
3/24/2014,72,50,86
3/25/2014,63,55,87
3/26/2014,62,51,89
3/27/2014,65,48,77
3/28/2014,69,52,77
3/29/2014,60,55,93
3/30/2014,61,46,77
3/31/2014,57,47,86
4/1/2014,58,47,82
4/2/2014,61,45,89
4/3/2014,62,46,86
4/4/2014,61,49,86
4/5/2014,65,49,86
4/6/2014,72,54,93
4/7/2014,79,56,86
4/8/2014,78,56,93
4/9/2014,66,52,93
4/10/2014,74,54,89
4/11/2014,63,50,89
4/12/2014,64,48,77
4/13/2014,69,51,83
4/14/2014,68,52,89
4/15/2014,66,49,83
4/16/2014,73,50,83
4/17/2014,64,51,89
4/18/2014,64,51,83
4/19/2014,65,52,86
4/20/2014,76,52,86
4/21/2014,67,50,83
4/22/2014,65,50,83
4/23/2014,67,49,72
4/24/2014,66,54,86
4/25/2014,58,55,86
4/26/2014,63,44,86
4/27/2014,64,49,66
4/28/2014,71,49,93
4/29/2014,83,56,80
4/30/2014,89,56,80
5/1/2014,85,54,72
5/2/2014,72,56,93
5/3/2014,67,52,86
5/4/2014,68,51,80
5/5/2014,67,51,80
5/6/2014,69,49,72
5/7/2014,64,48,83
5/8/2014,65,56,84
5/9/2014,69,54,86
5/10/2014,70,46,72
5/11/2014,77,48,67
5/12/2014,82,52,77
5/13/2014,91,51,67
5/14/2014,90,53,67
5/15/2014,83,50,69
5/16/2014,70,52,83
5/17/2014,67,52,86
5/18/2014,70,54,80
5/19/2014,68,51,77
5/20/2014,70,52,80
5/21/2014,70,52,83
5/22/2014,69,52,89
5/23/2014,68,52,86
5/24/2014,67,52,86
5/25/2014,73,52,77
5/26/2014,73,54,89
5/27/2014,68,49,83
5/28/2014,74,50,83
5/29/2014,77,53,83
5/30/2014,64,49,83
5/31/2014,69,52,89
6/1/2014,72,52,93
6/2/2014,67,51,89
6/3/2014,67,50,83
6/4/2014,70,52,89
6/5/2014,67,52,89
6/6/2014,68,52,89
6/7/2014,70,53,86
6/8/2014,86,56,89
6/9/2014,78,56,80
6/10/2014,68,55,86
6/11/2014,70,55,78
6/12/2014,66,52,80
6/13/2014,72,53,83
6/14/2014,80,54,89
6/15/2014,68,52,80
6/16/2014,65,50,83
6/17/2014,73,50,77
6/18/2014,82,52,77
6/19/2014,70,52,86
6/20/2014,74,54,86
6/21/2014,65,50,83
6/22/2014,66,50,77
6/23/2014,70,52,83
6/24/2014,70,55,83
6/25/2014,68,58,90
6/26/2014,70,57,90
6/27/2014,71,59,86
6/28/2014,72,55,87
6/29/2014,80,55,87
6/30/2014,82,57,84
7/1/2014,72,55,93
7/2/2014,70,55,86
7/3/2014,69,54,86
7/4/2014,67,54,93
7/5/2014,72,54,93
7/6/2014,70,53,93
7/7/2014,70,55,93
7/8/2014,68,55,93
7/9/2014,71,56,93
7/10/2014,73,56,84
7/11/2014,72,56,84
7/12/2014,70,55,80
7/13/2014,71,56,86
7/14/2014,76,58,87
7/15/2014,77,61,90
7/16/2014,74,59,90
7/17/2014,73,57,78
7/18/2014,71,57,84
7/19/2014,72,58,84
7/20/2014,73,59,84
7/21/2014,74,60,78
7/22/2014,76,58,78
7/23/2014,76,60,78
7/24/2014,83,59,84
7/25/2014,90,59,84
7/26/2014,77,58,78
7/27/2014,78,58,84
7/28/2014,72,57,84
7/29/2014,76,58,84
7/30/2014,73,57,84
7/31/2014,71,57,87
8/1/2014,72,59,90
8/2/2014,68,56,84
8/3/2014,69,56,84
8/4/2014,73,56,84
8/5/2014,74,59,84
8/6/2014,78,61,87
8/7/2014,69,56,84
8/8/2014,73,55,84
8/9/2014,67,55,80
8/10/2014,73,56,84
8/11/2014,73,57,84
8/12/2014,74,56,78
8/13/2014,75,57,84
8/14/2014,73,57,84
8/15/2014,74,57,87
8/16/2014,73,57,84
8/17/2014,72,57,84
8/18/2014,68,57,84
8/19/2014,74,57,84
8/20/2014,73,57,84
8/21/2014,75,59,84
8/22/2014,75,59,90
8/23/2014,75,56,78
8/24/2014,74,56,84
8/25/2014,72,56,73
8/26/2014,75,57,78
8/27/2014,77,59,84
8/28/2014,75,59,90
8/29/2014,72,58,84
8/30/2014,77,60,87
8/31/2014,76,59,84
3/1/2014,64,55,100
3/2/2014,60,55,100
3/3/2014,59,54,94
3/4/2014,64,55,94
3/5/2014,71,57,94
3/6/2014,64,59,100
3/7/2014,66,50,94
3/8/2014,71,54,93
3/9/2014,71,55,77
3/10/2014,66,54,88
3/11/2014,68,46,77
3/12/2014,71,45,55
3/13/2014,77,46,72
3/14/2014,69,52,87
3/15/2014,77,54,94
3/16/2014,75,55,82
3/17/2014,66,48,82
3/18/2014,68,43,76
3/19/2014,71,46,71
3/20/2014,69,54,68
3/21/2014,64,50,81
3/22/2014,66,50,87
3/23/2014,66,52,87
3/24/2014,75,52,93
3/25/2014,62,55,88
3/26/2014,60,50,88
3/27/2014,62,50,88
3/28/2014,68,50,88
3/29/2014,59,55,100
3/30/2014,59,46,87
3/31/2014,55,48,94
4/1/2014,57,46,100
4/2/2014,59,45,93
4/3/2014,62,48,87
4/4/2014,57,48,94
4/5/2014,64,50,93
4/6/2014,77,52,87
4/7/2014,80,55,82
4/8/2014,82,59,88
4/9/2014,68,55,88
4/10/2014,73,55,94
4/11/2014,66,54,88
4/12/2014,66,50,82
4/13/2014,69,54,82
4/14/2014,69,54,88
4/15/2014,69,54,88
4/16/2014,77,52,87
4/17/2014,66,50,82
4/18/2014,66,54,87
4/19/2014,66,52,82
4/20/2014,80,54,88
4/21/2014,66,50,77
4/22/2014,60,50,94
4/23/2014,64,48,77
4/24/2014,66,54,88
4/25/2014,57,54,88
4/26/2014,59,45,82
4/27/2014,62,48,77
4/28/2014,71,48,82
4/29/2014,86,57,77
4/30/2014,89,57,68
5/1/2014,86,57,73
5/2/2014,77,54,77
5/3/2014,66,50,88
5/4/2014,66,50,77
5/5/2014,64,50,77
5/6/2014,66,46,77
5/7/2014,62,46,82
5/8/2014,66,55,94
5/9/2014,66,55,94
5/10/2014,64,45,72
5/11/2014,75,46,72
5/12/2014,86,50,77
5/13/2014,91,55,57
5/14/2014,91,55,53
5/15/2014,87,50,52
5/16/2014,80,55,82
5/17/2014,66,52,82
5/18/2014,68,52,77
5/19/2014,64,54,88
5/20/2014,68,54,82
5/21/2014,73,55,82
5/22/2014,71,55,82
5/23/2014,73,54,82
5/24/2014,69,54,82
5/25/2014,80,57,82
5/26/2014,80,57,77
5/27/2014,71,46,77
5/28/2014,75,46,59
5/29/2014,80,50,67
5/30/2014,64,48,82
5/31/2014,71,54,82
6/1/2014,75,55,88
6/2/2014,68,50,82
6/3/2014,68,54,82
6/4/2014,78,57,88
6/5/2014,75,57,88
6/6/2014,71,55,88
6/7/2014,73,59,88
6/8/2014,95,61,88
6/9/2014,86,64,77
6/10/2014,77,57,88
6/11/2014,73,57,82
6/12/2014,66,50,88
6/13/2014,77,54,77
6/14/2014,80,57,82
6/15/2014,68,50,77
6/16/2014,62,50,82
6/17/2014,75,46,72
6/18/2014,86,57,72
6/19/2014,73,57,77
6/20/2014,82,59,82
6/21/2014,68,50,77
6/22/2014,68,52,82
6/23/2014,75,55,82
6/24/2014,73,54,82
6/25/2014,66,57,88
6/26/2014,73,57,94
6/27/2014,77,59,88
6/28/2014,75,55,88
6/29/2014,86,59,82
6/30/2014,89,64,77
7/1/2014,75,57,88
7/2/2014,73,57,88
7/3/2014,77,55,82
7/4/2014,78,57,94
7/5/2014,82,59,94
7/6/2014,75,55,88
7/7/2014,80,57,88
7/8/2014,73,57,82
7/9/2014,75,59,88
7/10/2014,75,57,82
7/11/2014,73,55,88
7/12/2014,73,57,88
7/13/2014,77,59,88
7/14/2014,80,63,82
7/15/2014,80,64,88
7/16/2014,77,63,83
7/17/2014,75,59,82
7/18/2014,73,59,88
7/19/2014,75,59,83
7/20/2014,77,63,83
7/21/2014,75,59,78
7/22/2014,75,57,82
7/23/2014,77,63,82
7/24/2014,89,63,88
7/25/2014,93,64,78
7/26/2014,84,63,78
7/27/2014,80,63,82
7/28/2014,78,61,88
7/29/2014,78,63,88
7/30/2014,75,61,88
7/31/2014,73,63,88
8/1/2014,78,63,88
8/2/2014,75,61,94
8/3/2014,71,59,88
8/4/2014,71,57,88
8/5/2014,75,63,83
8/6/2014,82,64,88
8/7/2014,75,59,88
8/8/2014,78,57,82
8/9/2014,71,55,88
8/10/2014,75,59,88
8/11/2014,77,59,83
8/12/2014,75,57,82
8/13/2014,78,59,82
8/14/2014,80,61,88
8/15/2014,78,61,88
8/16/2014,77,61,88
8/17/2014,80,59,94
8/18/2014,71,59,88
8/19/2014,75,59,88
8/20/2014,75,59,82
8/21/2014,77,59,83
8/22/2014,77,59,88
8/23/2014,73,57,82
8/24/2014,75,59,82
8/25/2014,75,55,82
8/26/2014,75,57,82
8/27/2014,82,63,82
8/28/2014,77,61,88
8/29/2014,77,61,88
8/30/2014,82,63,83
8/31/2014,82,59,88
3/1/2014,68,54,82
3/2/2014,64,55,88
3/3/2014,62,55,94
3/4/2014,66,57,94
3/5/2014,71,,
3/6/2014,66,55,94
3/7/2014,69,52,93
3/8/2014,75,54,93
3/9/2014,75,55,82
3/10/2014,69,54,82
3/11/2014,71,45,49
3/12/2014,77,46,52
3/13/2014,78,54,72
3/14/2014,69,54,93
3/15/2014,80,45,93
3/16/2014,73,57,93
3/17/2014,71,50,82
3/18/2014,73,41,81
3/19/2014,75,45,87
3/20/2014,71,54,77
3/21/2014,78,52,88
3/22/2014,68,54,93
3/23/2014,66,54,82
3/24/2014,71,55,93
3/25/2014,68,57,88
3/26/2014,62,54,94
3/27/2014,68,50,88
3/28/2014,69,54,88
3/29/2014,64,57,94
3/30/2014,64,50,93
3/31/2014,57,48,87
4/1/2014,59,48,93
4/2/2014,62,46,87
4/3/2014,64,50,93
4/4/2014,60,50,94
4/5/2014,68,52,93
4/6/2014,78,57,93
4/7/2014,82,57,88
4/8/2014,82,61,94
4/9/2014,69,57,94
4/10/2014,75,57,88
4/11/2014,66,55,94
4/12/2014,66,55,82
4/13/2014,73,57,82
4/14/2014,69,57,88
4/15/2014,68,57,88
4/16/2014,77,57,93
4/17/2014,71,55,88
4/18/2014,69,55,77
4/19/2014,71,54,93
4/20/2014,78,57,88
4/21/2014,71,52,77
4/22/2014,64,45,76
4/23/2014,68,48,76
4/24/2014,68,55,94
4/25/2014,59,54,94
4/26/2014,62,45,82
4/27/2014,68,52,68
4/28/2014,75,52,81
4/29/2014,89,52,59
4/30/2014,89,57,60
5/1/2014,87,59,72
5/2/2014,78,57,77
5/3/2014,71,54,88
5/4/2014,71,52,88
5/5/2014,66,50,82
5/6/2014,73,48,67
5/7/2014,68,52,87
5/8/2014,68,57,77
5/9/2014,69,55,88
5/10/2014,69,46,72
5/11/2014,78,46,76
5/12/2014,89,59,93
5/13/2014,95,55,67
5/14/2014,91,59,72
5/15/2014,86,57,67
5/16/2014,77,59,82
5/17/2014,73,54,82
5/18/2014,71,54,77
5/19/2014,69,50,72
5/20/2014,73,55,77
5/21/2014,75,61,82
5/22/2014,78,59,88
5/23/2014,69,59,88
5/24/2014,71,59,82
5/25/2014,80,57,88
5/26/2014,84,59,88
5/27/2014,73,54,77
5/28/2014,78,45,52
5/29/2014,84,59,77
5/30/2014,68,55,87
5/31/2014,73,55,88
6/1/2014,75,57,88
6/2/2014,71,55,77
6/3/2014,71,57,88
6/4/2014,75,57,88
6/5/2014,73,59,94
6/6/2014,73,,
6/7/2014,75,28,31
6/8/2014,86,66,88
6/9/2014,80,63,82
6/10/2014,73,63,94
6/11/2014,77,59,77
6/12/2014,91,57,72
6/13/2014,78,55,77
6/14/2014,82,61,82
6/15/2014,75,55,72
6/16/2014,69,50,82
6/17/2014,80,54,77
6/18/2014,89,61,78
6/19/2014,73,59,82
6/20/2014,82,61,88
6/21/2014,69,57,88
6/22/2014,71,59,82
6/23/2014,77,59,82
6/24/2014,77,59,77
6/25/2014,73,59,88
6/26/2014,75,61,82
6/27/2014,77,64,83
6/28/2014,78,61,88
6/29/2014,82,63,88
6/30/2014,86,64,78
7/1/2014,77,61,88
7/2/2014,77,61,77
7/3/2014,75,61,88
7/4/2014,73,61,88
7/5/2014,77,61,88
7/6/2014,77,59,88
7/7/2014,77,63,88
7/8/2014,75,61,88
7/9/2014,77,63,83
7/10/2014,78,63,88
7/11/2014,75,61,77
7/12/2014,73,61,82
7/13/2014,75,61,88
7/14/2014,80,66,83
7/15/2014,78,68,94
7/16/2014,80,64,88
7/17/2014,78,64,82
7/18/2014,75,63,88
7/19/2014,77,64,83
7/20/2014,75,64,88
7/21/2014,78,30,24
7/22/2014,78,63,73
7/23/2014,78,64,82
7/24/2014,102,64,83
7/25/2014,93,66,82
7/26/2014,82,64,83
7/27/2014,82,64,88
7/28/2014,78,63,88
7/29/2014,80,64,83
7/30/2014,78,63,88
7/31/2014,77,63,94
8/1/2014,77,32,30
8/2/2014,73,30,30
8/3/2014,73,,
8/4/2014,77,61,78
8/5/2014,78,64,88
8/6/2014,82,68,88
8/7/2014,73,63,94
8/8/2014,75,64,88
8/9/2014,73,61,77
8/10/2014,75,61,88
8/11/2014,77,64,83
8/12/2014,77,63,83
8/13/2014,78,64,82
8/14/2014,77,63,88
8/15/2014,78,,
8/16/2014,78,61,83
8/17/2014,73,63,88
8/18/2014,71,63,83
8/19/2014,75,63,77
8/20/2014,78,63,73
8/21/2014,78,63,83
8/22/2014,80,64,88
8/23/2014,77,61,83
8/24/2014,75,64,88
8/25/2014,75,61,82
8/26/2014,77,61,88
8/27/2014,78,66,88
8/28/2014,78,64,88
8/29/2014,77,64,88
8/30/2014,80,64,94
8/31/2014,78,63,100
3/1/2014,67,51,89
3/2/2014,63,54,86
3/3/2014,63,52,89
3/4/2014,67,55,86
3/5/2014,71,56,93
3/6/2014,66,57,93
3/7/2014,69,51,86
3/8/2014,73,53,89
3/9/2014,76,53,72
3/10/2014,69,54,86
3/11/2014,71,44,66
3/12/2014,77,36,40
3/13/2014,78,49,80
3/14/2014,70,53,83
3/15/2014,79,53,86
3/16/2014,76,53,83
3/17/2014,69,48,77
3/18/2014,72,44,77
3/19/2014,75,46,62
3/20/2014,73,51,69
3/21/2014,68,50,83
3/22/2014,69,50,86
3/23/2014,68,50,83
3/24/2014,74,51,82
3/25/2014,67,54,72
3/26/2014,63,52,89
3/27/2014,67,48,83
3/28/2014,71,51,83
3/29/2014,64,56,93
3/30/2014,63,48,89
3/31/2014,57,45,92
4/1/2014,60,45,92
4/2/2014,61,44,93
4/3/2014,64,49,89
4/4/2014,61,48,83
4/5/2014,66,48,83
4/6/2014,77,54,80
4/7/2014,81,56,83
4/8/2014,82,59,80
4/9/2014,70,55,86
4/10/2014,76,55,89
4/11/2014,66,54,86
4/12/2014,68,52,77
4/13/2014,72,55,80
4/14/2014,72,55,86
4/15/2014,68,53,86
4/16/2014,77,54,83
4/17/2014,70,53,83
4/18/2014,69,53,77
4/19/2014,69,51,86
4/20/2014,80,54,83
4/21/2014,71,51,77
4/22/2014,65,50,72
4/23/2014,68,48,72
4/24/2014,68,52,83
4/25/2014,60,53,86
4/26/2014,62,44,82
4/27/2014,66,49,71
4/28/2014,72,50,80
4/29/2014,86,55,66
4/30/2014,91,54,65
5/1/2014,89,53,63
5/2/2014,78,54,72
5/3/2014,70,54,86
5/4/2014,72,51,77
5/5/2014,68,48,72
5/6/2014,73,45,71
5/7/2014,69,48,77
5/8/2014,71,55,78
5/9/2014,70,55,86
5/10/2014,70,44,66
5/11/2014,79,50,72
5/12/2014,87,51,72
5/13/2014,92,57,54
5/14/2014,91,54,53
5/15/2014,87,53,60
5/16/2014,76,54,80
5/17/2014,74,53,86
5/18/2014,73,52,72
5/19/2014,70,50,77
5/20/2014,72,53,77
5/21/2014,75,56,86
5/22/2014,73,56,80
5/23/2014,72,57,86
5/24/2014,71,56,86
5/25/2014,81,55,80
5/26/2014,82,58,83
5/27/2014,74,51,83
5/28/2014,78,48,67
5/29/2014,83,53,80
5/30/2014,70,52,89
5/31/2014,73,55,80
6/1/2014,76,55,80
6/2/2014,73,52,86
6/3/2014,72,54,86
6/4/2014,76,57,86
6/5/2014,75,57,86
6/6/2014,74,56,86
6/7/2014,75,57,86
6/8/2014,88,61,84
6/9/2014,82,60,78
6/10/2014,74,59,84
6/11/2014,76,57,80
6/12/2014,72,54,72
6/13/2014,77,55,71
6/14/2014,86,59,80
6/15/2014,73,52,77
6/16/2014,69,50,77
6/17/2014,78,53,77
6/18/2014,88,55,78
6/19/2014,75,55,86
6/20/2014,84,57,80
6/21/2014,71,54,80
6/22/2014,71,55,83
6/23/2014,74,57,86
6/24/2014,79,55,84
6/25/2014,76,58,87
6/26/2014,75,58,90
6/27/2014,77,62,78
6/28/2014,78,57,78
6/29/2014,83,58,84
6/30/2014,86,61,84
7/1/2014,76,59,84
7/2/2014,77,58,84
7/3/2014,75,58,86
7/4/2014,74,58,87
7/5/2014,78,59,86
7/6/2014,77,58,87
7/7/2014,80,60,87
7/8/2014,76,58,90
7/9/2014,77,59,90
7/10/2014,77,58,84
7/11/2014,75,56,78
7/12/2014,71,57,84
7/13/2014,73,60,84
7/14/2014,81,61,90
7/15/2014,80,64,87
7/16/2014,80,61,87
7/17/2014,79,59,84
7/18/2014,74,59,78
7/19/2014,76,60,87
7/20/2014,78,61,87
7/21/2014,78,60,81
7/22/2014,79,59,78
7/23/2014,77,62,78
7/24/2014,85,61,90
7/25/2014,95,61,78
7/26/2014,84,62,81
7/27/2014,85,62,87
7/28/2014,79,61,84
7/29/2014,80,61,90
7/30/2014,80,62,90
7/31/2014,78,61,90
8/1/2014,78,62,87
8/2/2014,72,59,90
8/3/2014,72,58,84
8/4/2014,75,59,84
8/5/2014,79,60,84
8/6/2014,83,64,87
8/7/2014,74,60,90
8/8/2014,77,59,84
8/9/2014,72,58,84
8/10/2014,77,58,84
8/11/2014,76,59,84
8/12/2014,77,59,84
8/13/2014,77,61,84
8/14/2014,76,60,90
8/15/2014,77,61,90
8/16/2014,78,60,90
8/17/2014,74,60,90
8/18/2014,72,59,84
8/19/2014,79,59,84
8/20/2014,79,58,84
8/21/2014,78,61,90
8/22/2014,80,61,90
8/23/2014,77,59,84
8/24/2014,76,59,84
8/25/2014,76,57,78
8/26/2014,75,58,84
8/27/2014,80,61,84
8/28/2014,79,61,90
8/29/2014,80,60,90
8/30/2014,81,60,90
8/31/2014,79,60,90
3/1/2014,66,51,89
3/2/2014,63,55,86
3/3/2014,63,54,100
3/4/2014,68,55,93
3/5/2014,74,55,100
3/6/2014,67,57,93
3/7/2014,68,52,93
3/8/2014,74,52,93
3/9/2014,81,51,77
3/10/2014,69,54,80
3/11/2014,71,44,66
3/12/2014,77,33,38
3/13/2014,77,49,83
3/14/2014,71,51,83
3/15/2014,79,51,86
3/16/2014,80,51,83
3/17/2014,69,48,86
3/18/2014,71,46,86
3/19/2014,76,42,65
3/20/2014,74,47,72
3/21/2014,70,48,86
3/22/2014,71,49,86
3/23/2014,69,51,93
3/24/2014,75,47,86
3/25/2014,67,53,89
3/26/2014,63,52,89
3/27/2014,65,47,93
3/28/2014,71,49,89
3/29/2014,63,56,96
3/30/2014,63,48,93
3/31/2014,57,47,100
4/1/2014,57,46,100
4/2/2014,61,45,100
4/3/2014,66,47,96
4/4/2014,61,49,86
4/5/2014,67,47,86
4/6/2014,76,51,93
4/7/2014,82,53,83
4/8/2014,87,55,80
4/9/2014,75,55,93
4/10/2014,80,56,96
4/11/2014,70,54,93
4/12/2014,71,51,77
4/13/2014,75,53,80
4/14/2014,76,54,89
4/15/2014,72,52,89
4/16/2014,79,50,83
4/17/2014,73,52,83
4/18/2014,71,52,83
4/19/2014,69,52,86
4/20/2014,80,52,89
4/21/2014,74,49,77
4/22/2014,65,48,83
4/23/2014,67,48,83
4/24/2014,68,52,83
4/25/2014,61,53,93
4/26/2014,63,45,83
4/27/2014,67,48,71
4/28/2014,73,48,77
4/29/2014,86,46,77
4/30/2014,93,49,67
5/1/2014,92,48,60
5/2/2014,84,53,86
5/3/2014,69,54,93
5/4/2014,71,50,83
5/5/2014,67,49,77
5/6/2014,71,46,72
5/7/2014,70,46,80
5/8/2014,70,54,77
5/9/2014,70,55,93
5/10/2014,69,44,77
5/11/2014,78,45,80
5/12/2014,86,45,59
5/13/2014,95,44,55
5/14/2014,94,43,51
5/15/2014,89,45,48
5/16/2014,78,53,83
5/17/2014,72,51,86
5/18/2014,72,52,72
5/19/2014,71,48,77
5/20/2014,72,51,80
5/21/2014,77,53,86
5/22/2014,76,55,83
5/23/2014,76,55,93
5/24/2014,74,55,86
5/25/2014,83,50,83
5/26/2014,82,53,83
5/27/2014,74,49,83
5/28/2014,76,50,77
5/29/2014,83,50,77
5/30/2014,69,52,89
5/31/2014,76,54,80
6/1/2014,80,54,86
6/2/2014,75,52,89
6/3/2014,78,53,83
6/4/2014,80,56,89
6/5/2014,81,57,93
6/6/2014,77,56,89
6/7/2014,79,57,89
6/8/2014,92,57,84
6/9/2014,88,62,87
6/10/2014,77,59,86
6/11/2014,79,56,80
6/12/2014,72,52,77
6/13/2014,79,51,77
6/14/2014,88,53,80
6/15/2014,74,51,77
6/16/2014,71,50,83
6/17/2014,78,48,83
6/18/2014,88,52,72
6/19/2014,77,53,86
6/20/2014,83,52,83
6/21/2014,72,51,83
6/22/2014,74,52,83
6/23/2014,78,52,86
6/24/2014,75,54,72
6/25/2014,74,58,86
6/26/2014,77,59,90
6/27/2014,78,60,87
6/28/2014,77,56,78
6/29/2014,87,56,80
6/30/2014,92,58,84
7/1/2014,79,59,84
7/2/2014,81,58,86
7/3/2014,81,58,93
7/4/2014,79,58,87
7/5/2014,82,57,86
7/6/2014,82,56,93
7/7/2014,82,58,87
7/8/2014,80,59,84
7/9/2014,80,59,86
7/10/2014,80,58,86
7/11/2014,76,56,78
7/12/2014,73,57,80
7/13/2014,77,59,87
7/14/2014,86,60,84
7/15/2014,83,63,90
7/16/2014,83,61,90
7/17/2014,78,58,84
7/18/2014,76,58,84
7/19/2014,78,59,84
7/20/2014,78,61,90
7/21/2014,79,60,78
7/22/2014,79,59,84
7/23/2014,78,60,84
7/24/2014,85,59,90
7/25/2014,94,59,78
7/26/2014,88,61,78
7/27/2014,86,60,87
7/28/2014,82,60,90
7/29/2014,83,61,90
7/30/2014,82,61,97
7/31/2014,80,61,97
8/1/2014,82,61,97
8/2/2014,75,59,97
8/3/2014,74,58,93
8/4/2014,79,58,84
8/5/2014,80,61,84
8/6/2014,85,62,84
8/7/2014,78,60,84
8/8/2014,80,58,87
8/9/2014,75,57,86
8/10/2014,80,58,78
8/11/2014,79,58,87
8/12/2014,79,57,78
8/13/2014,81,58,84
8/14/2014,79,60,90
8/15/2014,81,59,84
8/16/2014,80,58,90
8/17/2014,77,59,90
8/18/2014,76,59,90
8/19/2014,79,59,84
8/20/2014,81,58,84
8/21/2014,80,61,84
8/22/2014,81,59,84
8/23/2014,79,58,90
8/24/2014,77,57,84
8/25/2014,77,56,84
8/26/2014,77,57,80
8/27/2014,83,59,84
8/28/2014,82,60,90
8/29/2014,83,60,90
8/30/2014,86,59,90
8/31/2014,82,58,90
9/1/2014,83,58,86
9/2/2014,72,58,84
9/3/2014,76,57,84
9/4/2014,74,57,84
9/5/2014,72,57,84
9/6/2014,72,55,84
9/7/2014,72,54,78
9/8/2014,68,52,72
9/9/2014,72,56,87
9/10/2014,82,59,93
9/11/2014,83,59,90
9/12/2014,77,59,87
9/13/2014,75,59,84
9/14/2014,74,57,84
9/15/2014,77,58,84
9/16/2014,78,60,87
9/17/2014,77,64,84
9/18/2014,78,65,87
9/19/2014,73,61,93
9/20/2014,71,60,90
9/21/2014,69,59,78
9/22/2014,75,58,78
9/23/2014,75,63,87
9/24/2014,77,63,87
9/25/2014,72,59,100
9/26/2014,73,59,90
9/27/2014,71,59,93
9/28/2014,72,57,84
9/29/2014,69,57,90
9/30/2014,73,58,90
10/1/2014,83,60,93
10/2/2014,87,61,72
10/3/2014,89,59,72
10/4/2014,92,55,73
10/5/2014,88,57,84
10/6/2014,83,60,93
10/7/2014,73,58,96
10/8/2014,75,59,93
10/9/2014,66,56,93
10/10/2014,66,55,93
10/11/2014,73,57,93
10/12/2014,86,62,93
10/13/2014,83,56,87
10/14/2014,72,57,87
10/15/2014,71,57,86
10/16/2014,71,56,93
10/17/2014,73,57,89
10/18/2014,75,58,84
10/19/2014,71,61,93
10/20/2014,70,59,78
10/21/2014,70,53,83
10/22/2014,71,57,86
10/23/2014,72,59,93
10/24/2014,71,57,83
10/25/2014,70,59,90
10/26/2014,69,55,93
10/27/2014,67,52,86
10/28/2014,71,55,93
10/29/2014,77,58,89
10/30/2014,71,57,84
10/31/2014,64,58,87
11/1/2014,64,51,83
11/2/2014,66,50,93
11/3/2014,66,52,86
11/4/2014,69,54,93
11/5/2014,72,54,77
11/6/2014,72,56,93
11/7/2014,70,58,100
11/8/2014,72,59,100
11/9/2014,70,57,100
11/10/2014,65,57,100
11/11/2014,66,54,80
11/12/2014,66,49,64
11/13/2014,64,59,93
11/14/2014,65,58,96
11/15/2014,64,54,93
11/16/2014,65,46,93
11/17/2014,67,42,77
11/18/2014,62,45,66
11/19/2014,61,57,93
11/20/2014,59,55,100
11/21/2014,61,54,96
11/22/2014,65,61,93
11/23/2014,62,47,83
11/24/2014,62,47,83
11/25/2014,73,52,83
11/26/2014,65,52,86
11/27/2014,65,51,93
11/28/2014,62,52,100
11/29/2014,64,55,93
11/30/2014,60,58,100
12/1/2014,66,57,100
12/2/2014,61,56,100
12/3/2014,64,59,93
12/4/2014,65,58,100
12/5/2014,67,58,100
12/6/2014,66,59,93
12/7/2014,64,57,100
12/8/2014,68,56,96
12/9/2014,65,57,93
12/10/2014,64,56,100
12/11/2014,64,57,93
12/12/2014,56,51,96
12/13/2014,57,48,100
12/14/2014,61,48,89
12/15/2014,56,51,93
12/16/2014,61,52,93
12/17/2014,59,51,93
12/18/2014,61,51,89
12/19/2014,57,54,93
12/20/2014,60,56,100
12/21/2014,64,58,100
12/22/2014,63,56,100
12/23/2014,65,55,100
12/24/2014,61,54,100
12/25/2014,59,38,70
12/26/2014,60,34,67
12/27/2014,55,38,82
12/28/2014,55,48,86
12/29/2014,55,46,92
12/30/2014,55,37,82
12/31/2014,59,36,67
1/1/2015,56,27,54
1/2/2015,50,36,76
1/3/2015,53,38,82
1/4/2015,54,42,85
1/5/2015,56,43,85
1/6/2015,59,44,92
1/7/2015,64,47,92
1/8/2015,61,48,92
1/9/2015,63,50,96
1/10/2015,60,52,93
1/11/2015,57,50,96
1/12/2015,57,50,96
1/13/2015,66,48,100
1/14/2015,59,47,93
1/15/2015,59,49,100
1/16/2015,57,52,96
1/17/2015,57,52,96
1/18/2015,65,55,100
1/19/2015,63,54,93
1/20/2015,58,49,100
1/21/2015,61,45,92
1/22/2015,60,46,89
1/23/2015,64,48,89
1/24/2015,69,47,93
1/25/2015,59,45,86
1/26/2015,61,49,92
1/27/2015,67,49,83
1/28/2015,63,51,93
1/29/2015,64,51,96
1/30/2015,62,52,100
1/31/2015,73,48,100
2/1/2015,65,48,83
2/2/2015,65,51,100
2/3/2015,67,52,93
2/4/2015,64,53,100
2/5/2015,63,50,89
2/6/2015,63,58,93
2/7/2015,64,61,93
2/8/2015,63,57,93
2/9/2015,64,55,89
2/10/2015,63,50,93
2/11/2015,64,50,96
2/12/2015,69,53,83
2/13/2015,70,54,89
2/14/2015,71,54,96
2/15/2015,70,52,93
2/16/2015,71,54,93
2/17/2015,58,51,93
2/18/2015,64,53,93
2/19/2015,61,52,96
2/20/2015,65,53,93
2/21/2015,68,51,93
2/22/2015,67,48,100
2/23/2015,64,28,53
2/24/2015,64,49,89
2/25/2015,65,50,93
2/26/2015,67,52,93
2/27/2015,63,50,80
2/28/2015,59,46,92
3/1/2015,63,47,92
3/2/2015,59,47,86
3/3/2015,64,47,89
3/4/2015,67,47,89
3/5/2015,70,47,76
3/6/2015,71,50,83
3/7/2015,71,52,89
3/8/2015,65,51,93
3/9/2015,65,51,100
3/10/2015,63,52,100
3/11/2015,65,56,100
3/12/2015,73,54,100
3/13/2015,74,55,93
3/14/2015,80,57,93
3/15/2015,69,53,83
3/16/2015,68,54,83
3/17/2015,66,53,86
3/18/2015,68,51,93
3/19/2015,73,52,93
3/20/2015,66,52,93
3/21/2015,71,54,86
3/22/2015,66,56,93
3/23/2015,64,54,93
3/24/2015,65,54,83
3/25/2015,72,53,93
3/26/2015,80,56,93
3/27/2015,64,54,96
3/28/2015,74,55,93
3/29/2015,73,52,93
3/30/2015,65,51,89
3/31/2015,68,52,86
4/1/2015,65,45,80
4/2/2015,69,45,80
4/3/2015,67,46,83
4/4/2015,64,47,93
4/5/2015,58,48,83
4/6/2015,63,43,83
4/7/2015,61,48,93
4/8/2015,63,50,86
4/9/2015,67,47,92
4/10/2015,66,48,89
4/11/2015,72,52,93
4/12/2015,73,54,100
4/13/2015,62,50,89
4/14/2015,65,44,71
4/15/2015,71,46,72
4/16/2015,81,48,80
4/17/2015,72,48,86
4/18/2015,67,50,89
4/19/2015,63,50,93
4/20/2015,63,50,83
4/21/2015,61,49,83
4/22/2015,66,49,89
4/23/2015,64,49,83
4/24/2015,63,53,89
4/25/2015,63,55,93
4/26/2015,69,51,83
4/27/2015,81,55,89
4/28/2015,63,51,89
4/29/2015,66,48,89
4/30/2015,84,54,83
5/1/2015,76,54,93
5/2/2015,65,50,89
5/3/2015,64,48,83
5/4/2015,59,47,83
5/5/2015,62,47,83
5/6/2015,66,47,83
5/7/2015,67,47,83
5/8/2015,65,49,86
5/9/2015,63,49,83
5/10/2015,62,48,89
5/11/2015,62,49,83
5/12/2015,65,45,77
5/13/2015,63,48,77
5/14/2015,66,50,77
5/15/2015,62,49,83
5/16/2015,61,49,83
5/17/2015,64,48,83
5/18/2015,60,49,77
5/19/2015,63,49,83
5/20/2015,68,52,86
5/21/2015,66,54,93
5/22/2015,62,52,83
5/23/2015,62,50,83
5/24/2015,61,50,89
5/25/2015,63,50,89
5/26/2015,65,50,89
5/27/2015,63,50,89
5/28/2015,63,52,89
5/29/2015,62,50,89
5/30/2015,66,52,93
5/31/2015,65,50,89
6/1/2015,73,55,87
6/2/2015,65,55,93
6/3/2015,65,52,86
6/4/2015,70,51,83
6/5/2015,69,54,93
6/6/2015,71,55,93
6/7/2015,73,55,93
6/8/2015,88,57,87
6/9/2015,77,57,93
6/10/2015,70,63,97
6/11/2015,73,59,100
6/12/2015,75,58,93
6/13/2015,72,57,93
6/14/2015,67,54,86
6/15/2015,62,51,89
6/16/2015,68,52,83
6/17/2015,69,52,89
6/18/2015,66,52,89
6/19/2015,71,53,89
6/20/2015,69,54,93
6/21/2015,67,52,86
6/22/2015,64,52,86
6/23/2015,70,52,86
6/24/2015,73,52,86
6/25/2015,79,57,83
6/26/2015,73,56,80
6/27/2015,74,57,86
6/28/2015,72,57,84
6/29/2015,73,56,86
6/30/2015,82,57,93
7/1/2015,76,57,87
7/2/2015,74,59,90
7/3/2015,73,58,90
7/4/2015,71,58,90
7/5/2015,75,58,84
7/6/2015,73,58,84
7/7/2015,73,58,84
7/8/2015,69,56,78
7/9/2015,67,57,84
7/10/2015,73,56,84
7/11/2015,74,56,84
7/12/2015,75,57,84
7/13/2015,74,58,84
7/14/2015,70,57,90
7/15/2015,77,57,84
7/16/2015,76,58,90
7/17/2015,74,57,90
7/18/2015,75,56,84
7/19/2015,87,58,78
7/20/2015,79,62,78
7/21/2015,70,57,90
7/22/2015,69,56,84
7/23/2015,69,55,78
7/24/2015,74,56,78
7/25/2015,70,56,84
7/26/2015,71,57,84
7/27/2015,81,58,86
7/28/2015,87,59,86
7/29/2015,79,59,90
7/30/2015,75,59,90
7/31/2015,72,59,90
8/1/2015,75,60,78
8/2/2015,73,57,84
8/3/2015,75,57,78
8/4/2015,75,57,78
8/5/2015,77,59,84
8/6/2015,72,58,93
8/7/2015,77,57,84
8/8/2015,70,57,84
8/9/2015,72,59,90
8/10/2015,73,60,84
8/11/2015,73,58,84
8/12/2015,78,61,93
8/13/2015,76,61,87
8/14/2015,76,60,87
8/15/2015,92,61,86
8/16/2015,93,61,84
8/17/2015,80,60,90
8/18/2015,75,58,90
8/19/2015,74,57,78
8/20/2015,70,57,84
8/21/2015,69,57,78
8/22/2015,75,58,78
8/23/2015,73,56,78
8/24/2015,75,57,84
8/25/2015,74,57,84
8/26/2015,79,58,87
8/27/2015,84,58,84
8/28/2015,91,62,87
8/29/2015,76,66,87
8/30/2015,78,60,87
8/31/2015,78,58,84
9/1/2014,89,64,82
9/2/2014,77,59,82
9/3/2014,77,59,82
9/4/2014,75,61,88
9/5/2014,73,59,88
9/6/2014,73,57,88
9/7/2014,73,57,88
9/8/2014,68,54,82
9/9/2014,73,57,88
9/10/2014,84,64,94
9/11/2014,82,63,88
9/12/2014,78,61,88
9/13/2014,77,63,88
9/14/2014,75,63,88
9/15/2014,78,61,82
9/16/2014,80,61,78
9/17/2014,84,64,88
9/18/2014,77,64,88
9/19/2014,77,63,94
9/20/2014,73,63,88
9/21/2014,73,59,83
9/22/2014,75,59,83
9/23/2014,78,63,88
9/24/2014,75,63,94
9/25/2014,71,61,100
9/26/2014,71,59,94
9/27/2014,71,55,77
9/28/2014,73,59,94
9/29/2014,73,59,94
9/30/2014,77,59,88
10/1/2014,84,59,88
10/2/2014,89,54,82
10/3/2014,93,59,64
10/4/2014,91,64,65
10/5/2014,89,63,77
10/6/2014,82,63,88
10/7/2014,75,57,94
10/8/2014,84,63,88
10/9/2014,71,59,88
10/10/2014,69,57,88
10/11/2014,75,59,94
10/12/2014,89,59,94
10/13/2014,84,59,83
10/14/2014,69,57,94
10/15/2014,71,59,83
10/16/2014,71,54,82
10/17/2014,73,59,82
10/18/2014,77,59,88
10/19/2014,73,61,94
10/20/2014,68,59,94
10/21/2014,69,54,88
10/22/2014,73,55,82
10/23/2014,73,59,88
10/24/2014,71,57,88
10/25/2014,69,59,94
10/26/2014,66,55,94
10/27/2014,68,54,88
10/28/2014,73,54,87
10/29/2014,78,59,88
10/30/2014,73,57,82
10/31/2014,62,57,94
11/1/2014,62,50,88
11/2/2014,66,48,93
11/3/2014,66,50,82
11/4/2014,71,54,93
11/5/2014,75,55,88
11/6/2014,73,57,88
11/7/2014,71,59,100
11/8/2014,75,59,100
11/9/2014,71,59,94
11/10/2014,66,57,100
11/11/2014,66,52,82
11/12/2014,64,52,77
11/13/2014,64,59,100
11/14/2014,66,55,94
11/15/2014,66,54,94
11/16/2014,62,50,88
11/17/2014,64,45,76
11/18/2014,64,48,76
11/19/2014,64,57,94
11/20/2014,59,57,100
11/21/2014,60,54,100
11/22/2014,66,63,100
11/23/2014,64,50,88
11/24/2014,64,50,93
11/25/2014,62,52,87
11/26/2014,66,50,93
11/27/2014,64,54,93
11/28/2014,62,52,100
11/29/2014,64,57,100
11/30/2014,59,57,100
12/1/2014,64,59,100
12/2/2014,62,57,100
12/3/2014,64,59,100
12/4/2014,68,59,100
12/5/2014,66,59,100
12/6/2014,66,59,100
12/7/2014,62,59,100
12/8/2014,66,59,100
12/9/2014,62,59,100
12/10/2014,66,57,100
12/11/2014,64,59,100
12/12/2014,55,52,100
12/13/2014,55,50,100
12/14/2014,60,50,100
12/15/2014,55,54,100
12/16/2014,62,52,100
12/17/2014,57,52,100
12/18/2014,59,52,94
12/19/2014,57,55,100
12/20/2014,59,57,100
12/21/2014,64,59,100
12/22/2014,64,57,100
12/23/2014,66,55,100
12/24/2014,59,55,100
12/25/2014,57,41,71
12/26/2014,57,41,76
12/27/2014,53,39,87
12/28/2014,57,46,93
12/29/2014,55,46,93
12/30/2014,53,41,87
12/31/2014,55,28,61
1/1/2015,55,32,65
1/2/2015,50,36,87
1/3/2015,53,43,93
1/4/2015,53,45,93
1/5/2015,55,46,93
1/6/2015,59,48,87
1/7/2015,64,50,93
1/8/2015,59,50,93
1/9/2015,64,52,94
1/10/2015,59,54,100
1/11/2015,55,50,100
1/12/2015,62,50,100
1/13/2015,62,48,100
1/14/2015,59,48,87
1/15/2015,59,50,93
1/16/2015,59,54,94
1/17/2015,59,54,100
1/18/2015,64,57,100
1/19/2015,59,55,100
1/20/2015,59,52,100
1/21/2015,60,48,100
1/22/2015,55,48,93
1/23/2015,60,50,87
1/24/2015,68,50,87
1/25/2015,62,50,93
1/26/2015,62,50,93
1/27/2015,66,54,82
1/28/2015,64,50,93
1/29/2015,66,54,100
1/30/2015,64,54,100
1/31/2015,73,46,93
2/1/2015,62,54,87
2/2/2015,66,54,94
2/3/2015,66,54,94
2/4/2015,62,55,100
2/5/2015,62,52,88
2/6/2015,64,59,94
2/7/2015,66,63,100
2/8/2015,64,59,100
2/9/2015,64,54,88
2/10/2015,64,48,100
2/11/2015,66,54,93
2/12/2015,64,50,94
2/13/2015,71,57,94
2/14/2015,73,55,94
2/15/2015,73,52,94
2/16/2015,71,55,94
2/17/2015,57,54,94
2/18/2015,62,54,88
2/19/2015,62,55,100
2/20/2015,66,54,100
2/21/2015,66,54,94
2/22/2015,64,50,94
2/23/2015,60,41,58
2/24/2015,66,46,72
2/25/2015,68,50,88
2/26/2015,71,54,93
2/27/2015,60,50,82
2/28/2015,60,48,94
3/1/2015,62,46,100
3/2/2015,59,45,81
3/3/2015,64,46,87
3/4/2015,66,46,87
3/5/2015,68,45,76
3/6/2015,73,50,81
3/7/2015,75,50,82
3/8/2015,68,54,88
3/9/2015,66,54,94
3/10/2015,64,55,100
3/11/2015,66,55,100
3/12/2015,71,54,94
3/13/2015,75,57,94
3/14/2015,82,57,82
3/15/2015,73,52,64
3/16/2015,68,55,77
3/17/2015,68,50,82
3/18/2015,73,50,87
3/19/2015,75,55,88
3/20/2015,66,52,82
3/21/2015,69,55,94
3/22/2015,66,55,94
3/23/2015,64,54,94
3/24/2015,64,54,82
3/25/2015,75,54,88
3/26/2015,80,57,88
3/27/2015,68,57,88
3/28/2015,77,52,88
3/29/2015,78,55,87
3/30/2015,68,50,82
3/31/2015,64,50,82
4/1/2015,64,45,72
4/2/2015,68,45,72
4/3/2015,71,48,71
4/4/2015,64,46,76
4/5/2015,59,46,82
4/6/2015,62,45,87
4/7/2015,59,48,94
4/8/2015,62,48,87
4/9/2015,66,46,87
4/10/2015,68,48,76
4/11/2015,71,50,77
4/12/2015,77,50,87
4/13/2015,60,50,87
4/14/2015,62,45,72
4/15/2015,71,39,71
4/16/2015,80,41,58
4/17/2015,77,50,77
4/18/2015,69,54,88
4/19/2015,68,54,94
4/20/2015,66,54,82
4/21/2015,62,48,82
4/22/2015,64,52,88
4/23/2015,64,50,82
4/24/2015,62,54,88
4/25/2015,60,55,94
4/26/2015,71,48,76
4/27/2015,84,55,88
4/28/2015,66,50,88
4/29/2015,71,52,82
4/30/2015,87,59,82
5/1/2015,78,55,82
5/2/2015,69,54,88
5/3/2015,64,50,82
5/4/2015,68,46,87
5/5/2015,60,46,87
5/6/2015,66,50,82
5/7/2015,64,48,82
5/8/2015,66,50,87
5/9/2015,64,48,82
5/10/2015,64,48,94
5/11/2015,60,48,88
5/12/2015,62,43,76
5/13/2015,62,48,77
5/14/2015,62,52,82
5/15/2015,60,48,87
5/16/2015,62,48,82
5/17/2015,60,48,77
5/18/2015,59,48,77
5/19/2015,62,50,82
5/20/2015,62,50,82
5/21/2015,66,54,88
5/22/2015,64,54,88
5/23/2015,62,50,88
5/24/2015,64,50,88
5/25/2015,64,50,88
5/26/2015,64,50,82
5/27/2015,64,54,82
5/28/2015,66,50,88
5/29/2015,66,52,82
5/30/2015,68,55,88
5/31/2015,66,52,82
6/1/2015,71,55,82
6/2/2015,68,54,88
6/3/2015,64,50,77
6/4/2015,73,54,77
6/5/2015,73,55,82
6/6/2015,73,55,88
6/7/2015,75,59,88
6/8/2015,95,63,77
6/9/2015,75,59,82
6/10/2015,68,66,94
6/11/2015,82,64,100
6/12/2015,84,63,83
6/13/2015,75,59,82
6/14/2015,71,54,88
6/15/2015,66,50,82
6/16/2015,75,55,82
6/17/2015,78,57,88
6/18/2015,73,55,73
6/19/2015,78,55,77
6/20/2015,78,57,88
6/21/2015,73,54,88
6/22/2015,71,55,82
6/23/2015,75,55,82
6/24/2015,77,57,82
6/25/2015,84,61,83
6/26/2015,78,59,83
6/27/2015,77,59,88
6/28/2015,73,59,82
6/29/2015,77,59,88
6/30/2015,86,64,82
7/1/2015,77,63,82
7/2/2015,78,63,88
7/3/2015,80,63,88
7/4/2015,80,63,88
7/5/2015,77,61,83
7/6/2015,77,57,88
7/7/2015,73,63,88
7/8/2015,71,55,82
7/9/2015,68,57,94
7/10/2015,69,59,88
7/11/2015,73,55,88
7/12/2015,73,57,82
7/13/2015,75,57,82
7/14/2015,68,57,88
7/15/2015,77,59,94
7/16/2015,77,63,88
7/17/2015,78,61,83
7/18/2015,77,59,82
7/19/2015,87,63,73
7/20/2015,86,64,73
7/21/2015,75,63,88
7/22/2015,71,57,77
7/23/2015,68,55,82
7/24/2015,78,55,82
7/25/2015,73,57,88
7/26/2015,75,57,100
7/27/2015,102,59,82
7/28/2015,93,66,82
7/29/2015,84,63,83
7/30/2015,80,64,88
7/31/2015,77,63,88
8/1/2015,82,61,83
8/2/2015,77,57,82
8/3/2015,73,57,77
8/4/2015,73,59,83
8/5/2015,77,59,88
8/6/2015,75,61,88
8/7/2015,77,59,82
8/8/2015,73,57,82
8/9/2015,77,63,88
8/10/2015,75,59,83
8/11/2015,77,59,88
8/12/2015,78,61,83
8/13/2015,78,61,88
8/14/2015,78,59,83
8/15/2015,95,63,88
8/16/2015,98,66,73
8/17/2015,89,63,78
8/18/2015,77,61,83
8/19/2015,75,59,82
8/20/2015,73,57,77
8/21/2015,75,57,88
8/22/2015,73,59,82
8/23/2015,75,59,82
8/24/2015,77,57,77
8/25/2015,78,59,88
8/26/2015,82,61,88
8/27/2015,91,63,73
8/28/2015,95,64,88
8/29/2015,77,64,88
8/30/2015,77,59,83
8/31/2015,80,63,77
9/1/2014,86,66,94
9/2/2014,75,64,100
9/3/2014,77,57,82
9/4/2014,77,63,88
9/5/2014,75,61,83
9/6/2014,75,59,88
9/7/2014,73,59,88
9/8/2014,69,57,82
9/9/2014,75,61,88
9/10/2014,82,,
9/11/2014,84,64,88
9/12/2014,80,64,94
9/13/2014,78,64,88
9/14/2014,78,63,83
9/15/2014,78,63,88
9/16/2014,82,63,88
9/17/2014,82,63,88
9/18/2014,80,66,94
9/19/2014,75,,
9/20/2014,75,64,88
9/21/2014,75,64,83
9/22/2014,75,63,83
9/23/2014,78,66,94
9/24/2014,80,66,94
9/25/2014,73,,
9/26/2014,73,,
9/27/2014,77,61,82
9/28/2014,75,61,94
9/29/2014,71,61,88
9/30/2014,73,63,94
10/1/2014,86,59,94
10/2/2014,91,57,82
10/3/2014,93,57,82
10/4/2014,89,63,77
10/5/2014,86,64,77
10/6/2014,84,64,88
10/7/2014,75,63,94
10/8/2014,80,,
10/9/2014,69,61,94
10/10/2014,68,59,88
10/11/2014,75,61,94
10/12/2014,91,61,88
10/13/2014,82,63,94
10/14/2014,73,,
10/15/2014,73,59,77
10/16/2014,71,55,88
10/17/2014,75,59,82
10/18/2014,91,61,88
10/19/2014,75,63,94
10/20/2014,69,63,94
10/21/2014,73,54,100
10/22/2014,75,57,94
10/23/2014,75,61,88
10/24/2014,73,61,94
10/25/2014,73,61,100
10/26/2014,69,54,94
10/27/2014,69,54,93
10/28/2014,73,55,93
10/29/2014,77,61,94
10/30/2014,75,61,94
10/31/2014,62,61,100
11/1/2014,64,54,94
11/2/2014,68,52,100
11/3/2014,69,54,93
11/4/2014,71,54,93
11/5/2014,75,52,87
11/6/2014,71,57,94
11/7/2014,68,,
11/8/2014,71,,
11/9/2014,69,59,94
11/10/2014,68,,
11/11/2014,68,52,67
11/12/2014,66,50,72
11/13/2014,68,61,94
11/14/2014,66,57,94
11/15/2014,66,55,94
11/16/2014,64,48,94
11/17/2014,66,46,87
11/18/2014,66,50,87
11/19/2014,68,59,100
11/20/2014,60,,
11/21/2014,64,55,88
11/22/2014,68,59,94
11/23/2014,66,50,94
11/24/2014,66,,
11/25/2014,66,,
11/26/2014,66,,
11/27/2014,66,,
11/28/2014,64,,
11/29/2014,64,,
11/30/2014,62,,
12/1/2014,68,,
12/2/2014,60,,
12/3/2014,64,,
12/4/2014,69,,
12/5/2014,66,,
12/6/2014,69,,
12/7/2014,64,,
12/8/2014,69,,
12/9/2014,64,,
12/10/2014,64,,
12/11/2014,60,,
12/12/2014,57,,
12/13/2014,57,,
12/14/2014,60,,
12/15/2014,57,,
12/16/2014,62,,
12/17/2014,59,,
12/18/2014,60,,
12/19/2014,59,,
12/20/2014,60,,
12/21/2014,64,,
12/22/2014,66,,
12/23/2014,69,,
12/24/2014,62,,
12/25/2014,59,,
12/26/2014,59,,
12/27/2014,55,,
12/28/2014,59,,
12/29/2014,57,,
12/30/2014,53,36,81
12/31/2014,57,28,65
1/1/2015,57,34,81
1/2/2015,50,37,93
1/3/2015,53,45,100
1/4/2015,57,45,93
1/5/2015,60,41,100
1/6/2015,66,48,93
1/7/2015,66,50,100
1/8/2015,59,50,100
1/9/2015,64,52,100
1/10/2015,59,54,100
1/11/2015,57,52,100
1/12/2015,62,54,100
1/13/2015,64,48,100
1/14/2015,62,50,100
1/15/2015,62,50,100
1/16/2015,62,52,100
1/17/2015,59,54,100
1/18/2015,60,55,100
1/19/2015,62,55,100
1/20/2015,59,52,100
1/21/2015,64,48,100
1/22/2015,57,48,93
1/23/2015,68,50,93
1/24/2015,69,52,93
1/25/2015,66,52,93
1/26/2015,66,52,93
1/27/2015,93,55,82
1/28/2015,68,55,100
1/29/2015,66,54,100
1/30/2015,64,55,100
1/31/2015,75,45,93
2/1/2015,64,48,93
2/2/2015,84,54,100
2/3/2015,66,55,94
2/4/2015,64,55,94
2/5/2015,64,54,100
2/6/2015,64,61,100
2/7/2015,69,63,100
2/8/2015,66,61,94
2/9/2015,66,57,100
2/10/2015,68,52,100
2/11/2015,71,57,100
2/12/2015,75,57,100
2/13/2015,73,57,100
2/14/2015,75,57,100
2/15/2015,77,55,100
2/16/2015,71,59,94
2/17/2015,59,55,100
2/18/2015,62,55,100
2/19/2015,60,55,94
2/20/2015,69,57,100
2/21/2015,71,55,93
2/22/2015,66,45,82
2/23/2015,62,37,54
2/24/2015,68,46,66
2/25/2015,66,54,88
2/26/2015,69,54,100
2/27/2015,93,52,82
2/28/2015,59,46,87
3/1/2015,66,46,100
3/2/2015,60,46,87
3/3/2015,66,50,100
3/4/2015,68,50,93
3/5/2015,71,48,93
3/6/2015,73,50,82
3/7/2015,77,59,88
3/8/2015,68,55,100
3/9/2015,68,57,94
3/10/2015,64,57,100
3/11/2015,69,55,94
3/12/2015,73,55,94
3/13/2015,75,61,94
3/14/2015,84,63,94
3/15/2015,75,57,64
3/16/2015,71,54,77
3/17/2015,69,54,88
3/18/2015,69,55,93
3/19/2015,75,57,93
3/20/2015,64,54,93
3/21/2015,69,59,94
3/22/2015,68,59,94
3/23/2015,66,54,94
3/24/2015,68,55,82
3/25/2015,75,57,94
3/26/2015,80,63,100
3/27/2015,66,57,94
3/28/2015,78,55,93
3/29/2015,77,59,93
3/30/2015,69,55,72
3/31/2015,68,52,82
4/1/2015,66,43,76
4/2/2015,71,41,87
4/3/2015,73,52,81
4/4/2015,66,48,87
4/5/2015,60,48,81
4/6/2015,64,43,71
4/7/2015,60,50,100
4/8/2015,64,48,87
4/9/2015,68,48,93
4/10/2015,68,50,93
4/11/2015,73,52,81
4/12/2015,77,55,93
4/13/2015,66,55,82
4/14/2015,66,41,62
4/15/2015,73,41,71
4/16/2015,75,37,25
4/17/2015,73,55,94
4/18/2015,71,55,88
4/19/2015,66,57,94
4/20/2015,66,55,94
4/21/2015,66,52,82
4/22/2015,69,54,94
4/23/2015,68,54,77
4/24/2015,64,48,77
4/25/2015,64,54,94
4/26/2015,75,50,68
4/27/2015,87,63,94
4/28/2015,68,59,94
4/29/2015,69,55,94
4/30/2015,89,61,88
5/1/2015,77,61,88
5/2/2015,69,57,94
5/3/2015,69,55,88
5/4/2015,66,50,82
5/5/2015,69,50,82
5/6/2015,73,55,82
5/7/2015,62,48,87
5/8/2015,69,55,82
5/9/2015,64,55,88
5/10/2015,66,54,88
5/11/2015,64,50,87
5/12/2015,66,45,71
5/13/2015,68,46,67
5/14/2015,64,55,94
5/15/2015,66,54,93
5/16/2015,64,50,82
5/17/2015,64,50,82
5/18/2015,60,50,77
5/19/2015,68,54,88
5/20/2015,66,52,77
5/21/2015,68,57,82
5/22/2015,68,64,94
5/23/2015,66,52,82
5/24/2015,69,55,94
5/25/2015,69,55,82
5/26/2015,69,55,77
5/27/2015,71,55,82
5/28/2015,66,57,88
5/29/2015,66,57,88
5/30/2015,80,57,94
5/31/2015,68,55,88
6/1/2015,73,59,73
6/2/2015,73,59,94
6/3/2015,69,54,82
6/4/2015,71,61,88
6/5/2015,73,61,88
6/6/2015,73,61,88
6/7/2015,77,61,88
6/8/2015,93,68,78
6/9/2015,78,64,88
6/10/2015,71,66,94
6/11/2015,77,66,100
6/12/2015,80,66,94
6/13/2015,82,63,100
6/14/2015,69,59,88
6/15/2015,69,57,82
6/16/2015,71,59,88
6/17/2015,73,59,94
6/18/2015,77,57,82
6/19/2015,75,59,88
6/20/2015,75,59,94
6/21/2015,69,55,88
6/22/2015,69,57,77
6/23/2015,78,59,88
6/24/2015,75,61,82
6/25/2015,84,61,82
6/26/2015,78,63,83
6/27/2015,78,63,82
6/28/2015,73,61,83
6/29/2015,77,61,88
6/30/2015,87,63,78
7/1/2015,78,64,88
7/2/2015,77,64,88
7/3/2015,78,64,88
7/4/2015,75,63,88
7/5/2015,77,64,83
7/6/2015,78,63,82
7/7/2015,78,63,83
7/8/2015,69,55,77
7/9/2015,69,61,78
7/10/2015,71,59,82
7/11/2015,78,59,88
7/12/2015,78,66,82
7/13/2015,80,63,78
7/14/2015,75,59,94
7/15/2015,82,64,88
7/16/2015,78,64,88
7/17/2015,77,64,83
7/18/2015,78,63,83
7/19/2015,84,68,78
7/20/2015,84,66,83
7/21/2015,73,63,88
7/22/2015,75,59,88
7/23/2015,75,57,88
7/24/2015,77,57,88
7/25/2015,73,63,88
7/26/2015,78,63,94
7/27/2015,86,64,82
7/28/2015,89,68,88
7/29/2015,84,64,88
7/30/2015,78,66,88
7/31/2015,77,64,88
8/1/2015,77,64,83
8/2/2015,77,63,83
8/3/2015,77,59,82
8/4/2015,78,61,88
8/5/2015,78,63,94
8/6/2015,73,63,88
8/7/2015,78,63,78
8/8/2015,,,
8/9/2015,78,64,94
8/10/2015,78,64,94
8/11/2015,77,63,88
8/12/2015,82,64,88
8/13/2015,86,64,88
8/14/2015,80,63,78
8/15/2015,95,68,73
8/16/2015,80,61,65
8/17/2015,82,64,88
8/18/2015,78,63,88
8/19/2015,75,63,77
8/20/2015,71,61,78
8/21/2015,75,63,83
8/22/2015,77,63,88
8/23/2015,75,61,78
8/24/2015,75,61,82
8/25/2015,75,63,94
8/26/2015,78,63,88
8/27/2015,87,61,82
8/28/2015,82,64,88
8/29/2015,78,68,88
8/30/2015,82,63,82
8/31/2015,82,66,82
9/1/2014,85,60,84
9/2/2014,76,60,84
9/3/2014,79,60,84
9/4/2014,78,60,84
9/5/2014,76,59,84
9/6/2014,75,57,84
9/7/2014,72,56,80
9/8/2014,69,54,80
9/9/2014,75,58,90
9/10/2014,86,61,90
9/11/2014,85,60,84
9/12/2014,81,60,84
9/13/2014,79,60,90
9/14/2014,78,59,90
9/15/2014,77,58,84
9/16/2014,82,61,87
9/17/2014,84,61,90
9/18/2014,83,63,81
9/19/2014,75,63,93
9/20/2014,77,63,87
9/21/2014,74,60,78
9/22/2014,78,59,78
9/23/2014,78,63,84
9/24/2014,80,62,84
9/25/2014,73,63,100
9/26/2014,75,61,100
9/27/2014,76,61,93
9/28/2014,76,62,100
9/29/2014,71,64,100
9/30/2014,76,63,100
10/1/2014,86,59,100
10/2/2014,91,58,62
10/3/2014,93,56,60
10/4/2014,91,57,55
10/5/2014,88,57,73
10/6/2014,85,63,93
10/7/2014,77,63,100
10/8/2014,82,63,100
10/9/2014,72,61,100
10/10/2014,68,61,100
10/11/2014,76,62,100
10/12/2014,89,60,100
10/13/2014,85,62,97
10/14/2014,73,59,100
10/15/2014,74,60,84
10/16/2014,73,53,86
10/17/2014,77,54,83
10/18/2014,79,65,93
10/19/2014,74,64,100
10/20/2014,70,63,93
10/21/2014,72,54,93
10/22/2014,73,60,89
10/23/2014,74,63,93
10/24/2014,73,59,100
10/25/2014,72,61,100
10/26/2014,69,56,93
10/27/2014,70,53,100
10/28/2014,72,56,93
10/29/2014,80,54,93
10/30/2014,79,60,93
10/31/2014,65,61,100
11/1/2014,64,54,100
11/2/2014,67,52,100
11/3/2014,70,57,93
11/4/2014,72,51,96
11/5/2014,77,51,89
11/6/2014,74,61,93
11/7/2014,69,62,100
11/8/2014,74,59,100
11/9/2014,75,60,100
11/10/2014,69,61,100
11/11/2014,69,56,93
11/12/2014,67,49,72
11/13/2014,67,61,100
11/14/2014,66,57,100
11/15/2014,66,55,93
11/16/2014,65,51,93
11/17/2014,67,43,76
11/18/2014,66,45,80
11/19/2014,68,58,100
11/20/2014,61,57,100
11/21/2014,64,54,100
11/22/2014,68,60,90
11/23/2014,66,50,96
11/24/2014,68,48,92
11/25/2014,67,50,86
11/26/2014,70,50,93
11/27/2014,69,52,93
11/28/2014,65,53,100
11/29/2014,63,58,100
11/30/2014,63,58,100
12/1/2014,69,63,100
12/2/2014,63,59,100
12/3/2014,64,61,97
12/4/2014,68,59,100
12/5/2014,66,61,100
12/6/2014,69,60,100
12/7/2014,63,58,100
12/8/2014,71,58,100
12/9/2014,64,58,100
12/10/2014,66,57,100
12/11/2014,65,58,100
12/12/2014,57,52,96
12/13/2014,57,50,100
12/14/2014,61,48,93
12/15/2014,56,52,96
12/16/2014,62,52,93
12/17/2014,58,52,100
12/18/2014,63,49,89
12/19/2014,59,54,93
12/20/2014,61,56,93
12/21/2014,65,58,93
12/22/2014,64,57,93
12/23/2014,69,53,96
12/24/2014,62,54,100
12/25/2014,57,40,71
12/26/2014,59,38,76
12/27/2014,55,37,82
12/28/2014,58,41,92
12/29/2014,56,43,89
12/30/2014,55,37,85
12/31/2014,57,23,54
1/1/2015,54,28,64
1/2/2015,53,35,75
1/3/2015,55,36,82
1/4/2015,56,40,92
1/5/2015,60,40,85
1/6/2015,63,42,82
1/7/2015,67,44,86
1/8/2015,59,46,86
1/9/2015,65,50,93
1/10/2015,60,50,93
1/11/2015,56,49,100
1/12/2015,60,49,96
1/13/2015,64,48,100
1/14/2015,63,46,85
1/15/2015,62,48,89
1/16/2015,64,51,93
1/17/2015,61,51,93
1/18/2015,61,53,93
1/19/2015,61,54,100
1/20/2015,62,49,100
1/21/2015,62,45,89
1/22/2015,58,43,83
1/23/2015,68,43,89
1/24/2015,70,46,77
1/25/2015,65,45,89
1/26/2015,66,46,83
1/27/2015,69,48,77
1/28/2015,67,50,92
1/29/2015,67,51,96
1/30/2015,64,51,93
1/31/2015,73,45,93
2/1/2015,66,47,83
2/2/2015,69,48,82
2/3/2015,71,51,86
2/4/2015,65,53,93
2/5/2015,65,50,89
2/6/2015,64,58,90
2/7/2015,69,61,90
2/8/2015,66,62,93
2/9/2015,67,54,86
2/10/2015,64,47,93
2/11/2015,68,49,89
2/12/2015,73,53,86
2/13/2015,75,55,89
2/14/2015,72,55,93
2/15/2015,75,54,82
2/16/2015,72,54,93
2/17/2015,57,53,89
2/18/2015,64,52,93
2/19/2015,64,52,93
2/20/2015,71,54,93
2/21/2015,71,50,86
2/22/2015,66,49,86
2/23/2015,62,30,46
2/24/2015,67,44,70
2/25/2015,66,50,83
2/26/2015,69,52,93
2/27/2015,63,50,83
2/28/2015,61,46,86
3/1/2015,64,46,100
3/2/2015,61,45,83
3/3/2015,64,49,89
3/4/2015,67,46,89
3/5/2015,71,45,76
3/6/2015,73,49,76
3/7/2015,74,51,77
3/8/2015,68,52,89
3/9/2015,69,53,89
3/10/2015,67,54,93
3/11/2015,70,54,93
3/12/2015,73,53,89
3/13/2015,76,55,86
3/14/2015,83,59,86
3/15/2015,74,53,58
3/16/2015,72,52,69
3/17/2015,68,53,86
3/18/2015,71,52,80
3/19/2015,78,53,83
3/20/2015,70,50,80
3/21/2015,71,54,86
3/22/2015,69,55,86
3/23/2015,65,52,93
3/24/2015,67,53,77
3/25/2015,74,54,89
3/26/2015,84,58,89
3/27/2015,67,56,93
3/28/2015,78,53,89
3/29/2015,77,54,83
3/30/2015,67,54,83
3/31/2015,68,50,77
4/1/2015,66,41,61
4/2/2015,70,41,71
4/3/2015,69,48,66
4/4/2015,67,44,71
4/5/2015,62,46,76
4/6/2015,63,43,76
4/7/2015,61,50,93
4/8/2015,64,44,66
4/9/2015,69,46,82
4/10/2015,68,47,80
4/11/2015,72,50,83
4/12/2015,76,52,83
4/13/2015,67,50,83
4/14/2015,65,45,66
4/15/2015,73,43,66
4/16/2015,80,42,50
4/17/2015,75,51,83
4/18/2015,71,54,86
4/19/2015,67,54,93
4/20/2015,65,52,86
4/21/2015,67,50,83
4/22/2015,70,52,83
4/23/2015,70,51,77
4/24/2015,67,49,77
4/25/2015,64,54,93
4/26/2015,72,50,80
4/27/2015,85,57,86
4/28/2015,75,53,93
4/29/2015,84,53,77
4/30/2015,99,51,72
5/1/2015,,,
5/2/2015,,,
5/3/2015,,,
5/4/2015,64,48,71
5/5/2015,68,48,80
5/6/2015,70,51,86
5/7/2015,62,48,86
5/8/2015,71,52,83
5/9/2015,66,52,83
5/10/2015,66,51,83
5/11/2015,64,48,83
5/12/2015,65,42,71
5/13/2015,67,47,72
5/14/2015,67,53,86
5/15/2015,67,50,93
5/16/2015,66,48,83
5/17/2015,65,49,72
5/18/2015,63,49,83
5/19/2015,66,52,89
5/20/2015,66,49,77
5/21/2015,67,53,80
5/22/2015,68,54,86
5/23/2015,66,50,77
5/24/2015,68,53,83
5/25/2015,66,53,83
5/26/2015,68,53,83
5/27/2015,69,53,86
5/28/2015,66,54,93
5/29/2015,65,54,93
5/30/2015,69,56,86
5/31/2015,68,54,86
6/1/2015,75,55,78
6/2/2015,70,56,86
6/3/2015,71,51,80
6/4/2015,75,56,86
6/5/2015,74,57,89
6/6/2015,74,58,90
6/7/2015,79,60,90
6/8/2015,91,63,84
6/9/2015,81,61,90
6/10/2015,72,66,87
6/11/2015,78,63,100
6/12/2015,81,61,90
6/13/2015,80,61,90
6/14/2015,72,56,87
6/15/2015,68,55,86
6/16/2015,72,55,86
6/17/2015,76,57,93
6/18/2015,73,55,86
6/19/2015,75,55,89
6/20/2015,75,58,86
6/21/2015,70,57,93
6/22/2015,68,55,86
6/23/2015,75,56,83
6/24/2015,77,57,86
6/25/2015,87,59,78
6/26/2015,81,60,84
6/27/2015,79,60,87
6/28/2015,74,59,84
6/29/2015,77,59,84
6/30/2015,89,60,90
7/1/2015,82,63,90
7/2/2015,78,61,87
7/3/2015,78,62,93
7/4/2015,76,62,90
7/5/2015,78,61,90
7/6/2015,77,59,84
7/7/2015,78,60,84
7/8/2015,74,57,84
7/9/2015,71,58,78
7/10/2015,73,57,84
7/11/2015,77,57,80
7/12/2015,76,57,73
7/13/2015,78,61,84
7/14/2015,74,57,84
7/15/2015,81,62,84
7/16/2015,81,61,87
7/17/2015,79,61,90
7/18/2015,79,59,84
7/19/2015,89,64,78
7/20/2015,86,65,81
7/21/2015,75,60,84
7/22/2015,74,57,90
7/23/2015,74,56,80
7/24/2015,75,57,77
7/25/2015,72,59,87
7/26/2015,79,59,87
7/27/2015,85,61,78
7/28/2015,92,60,78
7/29/2015,85,63,87
7/30/2015,78,64,87
7/31/2015,76,62,87
8/1/2015,77,62,84
8/2/2015,75,61,87
8/3/2015,77,56,78
8/4/2015,76,56,75
8/5/2015,78,62,87
8/6/2015,77,61,90
8/7/2015,79,59,84
8/8/2015,76,59,84
8/9/2015,77,62,80
8/10/2015,79,61,90
8/11/2015,77,59,84
8/12/2015,81,61,81
8/13/2015,79,61,90
8/14/2015,78,60,84
8/15/2015,95,63,86
8/16/2015,97,63,78
8/17/2015,85,64,87
8/18/2015,78,61,90
8/19/2015,75,61,78
8/20/2015,72,58,78
8/21/2015,75,59,84
8/22/2015,77,60,84
8/23/2015,75,59,84
8/24/2015,75,59,84
8/25/2015,76,60,84
8/26/2015,83,60,90
8/27/2015,89,59,78
8/28/2015,91,65,87
8/29/2015,81,65,87
8/30/2015,79,60,78
8/31/2015,82,62,84
9/1/2014,86,60,86
9/2/2014,77,60,93
9/3/2014,79,59,90
9/4/2014,80,58,87
9/5/2014,76,58,93
9/6/2014,76,57,84
9/7/2014,74,56,86
9/8/2014,70,54,86
9/9/2014,75,58,90
9/10/2014,88,60,100
9/11/2014,89,60,90
9/12/2014,85,61,93
9/13/2014,82,59,97
9/14/2014,79,59,90
9/15/2014,77,59,90
9/16/2014,81,59,90
9/17/2014,83,60,90
9/18/2014,80,64,93
9/19/2014,77,63,93
9/20/2014,77,63,93
9/21/2014,74,59,84
9/22/2014,79,58,84
9/23/2014,78,63,90
9/24/2014,80,63,87
9/25/2014,73,63,100
9/26/2014,73,56,93
9/27/2014,74,56,80
9/28/2014,75,58,90
9/29/2014,72,58,90
9/30/2014,76,56,93
10/1/2014,85,56,93
10/2/2014,90,48,66
10/3/2014,91,52,57
10/4/2014,92,49,56
10/5/2014,90,53,58
10/6/2014,88,59,90
10/7/2014,81,59,93
10/8/2014,85,57,93
10/9/2014,75,58,93
10/10/2014,71,56,93
10/11/2014,77,57,93
10/12/2014,87,57,93
10/13/2014,87,58,84
10/14/2014,72,56,93
10/15/2014,73,56,84
10/16/2014,71,53,86
10/17/2014,75,52,83
10/18/2014,78,58,84
10/19/2014,75,59,100
10/20/2014,68,58,90
10/21/2014,70,50,93
10/22/2014,72,57,86
10/23/2014,74,58,86
10/24/2014,78,57,96
10/25/2014,71,58,100
10/26/2014,68,53,93
10/27/2014,70,51,93
10/28/2014,73,56,93
10/29/2014,78,52,86
10/30/2014,81,54,78
10/31/2014,63,57,100
11/1/2014,63,52,100
11/2/2014,65,48,93
11/3/2014,69,52,92
11/4/2014,69,51,93
11/5/2014,77,49,83
11/6/2014,74,55,86
11/7/2014,69,57,100
11/8/2014,74,55,96
11/9/2014,75,56,93
11/10/2014,73,55,100
11/11/2014,65,52,86
11/12/2014,67,47,77
11/13/2014,66,58,93
11/14/2014,66,52,96
11/15/2014,65,52,93
11/16/2014,64,45,93
11/17/2014,66,38,70
11/18/2014,66,44,71
11/19/2014,66,56,100
11/20/2014,59,58,100
11/21/2014,63,52,100
11/22/2014,64,61,93
11/23/2014,65,48,93
11/24/2014,66,43,92
11/25/2014,67,45,76
11/26/2014,70,48,83
11/27/2014,69,47,86
11/28/2014,65,50,86
11/29/2014,60,55,100
11/30/2014,64,56,100
12/1/2014,68,61,100
12/2/2014,61,58,100
12/3/2014,62,61,100
12/4/2014,67,58,100
12/5/2014,65,58,100
12/6/2014,67,58,93
12/7/2014,65,56,100
12/8/2014,71,56,100
12/9/2014,64,57,100
12/10/2014,64,55,100
12/11/2014,63,59,100
12/12/2014,56,53,100
12/13/2014,57,48,100
12/14/2014,60,46,93
12/15/2014,55,52,100
12/16/2014,61,54,100
12/17/2014,58,53,100
12/18/2014,62,49,83
12/19/2014,57,55,100
12/20/2014,62,55,100
12/21/2014,62,58,93
12/22/2014,63,56,100
12/23/2014,68,54,100
12/24/2014,60,53,100
12/25/2014,58,39,83
12/26/2014,57,38,76
12/27/2014,55,36,82
12/28/2014,57,42,86
12/29/2014,56,43,89
12/30/2014,53,37,82
12/31/2014,55,20,44
1/1/2015,53,27,64
1/2/2015,52,33,78
1/3/2015,55,35,85
1/4/2015,56,38,89
1/5/2015,60,39,92
1/6/2015,63,41,85
1/7/2015,70,44,92
1/8/2015,61,45,89
1/9/2015,65,50,89
1/10/2015,61,50,100
1/11/2015,55,50,100
1/12/2015,61,50,100
1/13/2015,65,48,100
1/14/2015,62,45,86
1/15/2015,62,48,93
1/16/2015,63,53,96
1/17/2015,61,51,100
1/18/2015,63,54,100
1/19/2015,60,55,100
1/20/2015,60,47,100
1/21/2015,62,44,100
1/22/2015,56,43,86
1/23/2015,66,41,92
1/24/2015,72,47,89
1/25/2015,64,44,89
1/26/2015,65,45,86
1/27/2015,68,46,77
1/28/2015,67,50,89
1/29/2015,65,50,100
1/30/2015,67,51,93
1/31/2015,71,45,100
2/1/2015,67,45,71
2/2/2015,68,49,83
2/3/2015,72,51,86
2/4/2015,73,53,89
2/5/2015,68,49,83
2/6/2015,65,61,100
2/7/2015,68,62,93
2/8/2015,64,63,100
2/9/2015,66,54,93
2/10/2015,64,48,93
2/11/2015,68,50,93
2/12/2015,72,53,92
2/13/2015,77,53,93
2/14/2015,74,53,86
2/15/2015,75,51,82
2/16/2015,72,55,93
2/17/2015,59,52,93
2/18/2015,65,52,86
2/19/2015,66,53,93
2/20/2015,70,52,93
2/21/2015,71,50,83
2/22/2015,65,49,82
2/23/2015,62,31,42
2/24/2015,66,41,70
2/25/2015,68,49,83
2/26/2015,69,50,86
2/27/2015,63,50,89
2/28/2015,60,45,86
3/1/2015,64,46,92
3/2/2015,61,47,83
3/3/2015,64,47,89
3/4/2015,68,44,89
3/5/2015,76,43,76
3/6/2015,72,44,76
3/7/2015,76,51,77
3/8/2015,71,53,96
3/9/2015,72,53,89
3/10/2015,75,54,93
3/11/2015,70,54,93
3/12/2015,72,54,86
3/13/2015,78,54,83
3/14/2015,89,52,83
3/15/2015,80,52,72
3/16/2015,72,53,72
3/17/2015,69,52,86
3/18/2015,72,50,83
3/19/2015,80,52,86
3/20/2015,72,51,80
3/21/2015,72,52,80
3/22/2015,71,54,86
3/23/2015,66,52,93
3/24/2015,67,51,80
3/25/2015,74,53,89
3/26/2015,85,55,83
3/27/2015,70,56,93
3/28/2015,78,52,83
3/29/2015,79,52,80
3/30/2015,71,52,86
3/31/2015,68,50,77
4/1/2015,65,41,71
4/2/2015,70,41,71
4/3/2015,73,44,65
4/4/2015,66,41,70
4/5/2015,62,44,76
4/6/2015,64,41,76
4/7/2015,61,53,100
4/8/2015,64,45,71
4/9/2015,70,45,83
4/10/2015,70,47,82
4/11/2015,71,52,86
4/12/2015,78,51,89
4/13/2015,65,50,83
4/14/2015,66,45,68
4/15/2015,73,44,71
4/16/2015,80,45,71
4/17/2015,79,50,83
4/18/2015,75,53,89
4/19/2015,70,54,89
4/20/2015,69,53,83
4/21/2015,69,49,77
4/22/2015,71,52,83
4/23/2015,71,51,83
4/24/2015,67,46,77
4/25/2015,64,55,100
4/26/2015,72,51,80
4/27/2015,84,53,86
4/28/2015,70,53,89
4/29/2015,72,51,89
4/30/2015,88,49,77
5/1/2015,84,53,86
5/2/2015,74,54,83
5/3/2015,70,51,83
5/4/2015,65,49,77
5/5/2015,70,47,83
5/6/2015,71,47,80
5/7/2015,59,47,80
5/8/2015,73,50,83
5/9/2015,68,51,83
5/10/2015,68,52,83
5/11/2015,66,47,83
5/12/2015,65,41,77
5/13/2015,67,44,71
5/14/2015,68,55,77
5/15/2015,65,50,83
5/16/2015,67,51,80
5/17/2015,65,49,72
5/18/2015,65,49,77
5/19/2015,66,51,77
5/20/2015,67,50,72
5/21/2015,68,52,80
5/22/2015,68,52,86
5/23/2015,68,50,77
5/24/2015,70,53,83
5/25/2015,69,52,80
5/26/2015,69,52,80
5/27/2015,72,54,80
5/28/2015,69,54,86
5/29/2015,69,54,86
5/30/2015,73,56,86
5/31/2015,69,53,80
6/1/2015,75,55,78
6/2/2015,70,55,80
6/3/2015,72,50,77
6/4/2015,75,53,83
6/5/2015,78,57,89
6/6/2015,79,58,86
6/7/2015,82,59,84
6/8/2015,91,60,84
6/9/2015,85,60,90
6/10/2015,73,65,87
6/11/2015,82,63,100
6/12/2015,86,59,93
6/13/2015,85,61,90
6/14/2015,75,57,86
6/15/2015,69,54,86
6/16/2015,76,55,89
6/17/2015,79,54,86
6/18/2015,75,55,89
6/19/2015,80,51,83
6/20/2015,80,56,86
6/21/2015,73,55,93
6/22/2015,71,55,86
6/23/2015,78,55,83
6/24/2015,81,55,86
6/25/2015,89,58,78
6/26/2015,84,59,84
6/27/2015,81,58,86
6/28/2015,75,59,90
6/29/2015,78,57,87
6/30/2015,92,60,90
7/1/2015,91,62,90
7/2/2015,79,61,87
7/3/2015,81,62,90
7/4/2015,79,61,90
7/5/2015,81,60,84
7/6/2015,77,58,84
7/7/2015,77,60,84
7/8/2015,73,57,84
7/9/2015,74,57,78
7/10/2015,73,56,78
7/11/2015,75,55,78
7/12/2015,76,56,73
7/13/2015,78,58,84
7/14/2015,74,57,84
7/15/2015,83,60,78
7/16/2015,85,59,93
7/17/2015,81,59,87
7/18/2015,79,57,84
7/19/2015,89,62,73
7/20/2015,87,63,78
7/21/2015,76,60,84
7/22/2015,77,57,84
7/23/2015,73,55,80
7/24/2015,78,54,80
7/25/2015,75,58,86
7/26/2015,79,58,84
7/27/2015,86,57,80
7/28/2015,94,57,78
7/29/2015,89,59,78
7/30/2015,81,63,90
7/31/2015,78,61,87
8/1/2015,81,60,84
8/2/2015,76,59,84
8/3/2015,77,56,78
8/4/2015,76,55,80
8/5/2015,79,61,78
8/6/2015,78,61,90
8/7/2015,83,59,84
8/8/2015,78,58,84
8/9/2015,78,59,80
8/10/2015,80,60,90
8/11/2015,82,59,90
8/12/2015,81,62,87
8/13/2015,80,63,87
8/14/2015,79,61,87
8/15/2015,93,58,84
8/16/2015,97,63,87
8/17/2015,91,63,87
8/18/2015,81,61,87
8/19/2015,77,60,84
8/20/2015,75,59,84
8/21/2015,79,60,84
8/22/2015,81,60,87
8/23/2015,77,59,90
8/24/2015,77,59,84
8/25/2015,80,60,90
8/26/2015,86,59,90
8/27/2015,92,57,78
8/28/2015,95,64,93
8/29/2015,80,65,93
8/30/2015,78,60,84
8/31/2015,85,59,84